Workbook

Sheet RAW
A1: =MAX(B2:DY129) -> 254.39 | B1: 0 | F1: 1 | J1: 2 | N1: 3 | R1: 4 | V1: 5 | Z1: 6 | AD1: 7 | AH1: 8 | AL1: 9 | AP1: 10 | AT1: 11 | AX1: 12 | BB1: 13 | BF1: 14 | BJ1: 15 | BN1: 16 | BR1: 17 | BV1: 18 | BZ1: 19 | CD1: 20 | CH1: 21 | CL1: 22 | CP1: 23 | CT1: 24 | CX1: 25 | DB1: 26 | DF1: 27 | DJ1: 28 | DN1: 29 | DR1: 30 | DV1: 31
A2: 0 | B2: 19.23 | C2: 17.47 | D2: 18.48 | E2: 18.08 | F2: 20.31 | G2: 23.97 | H2: 21.12 | I2: 20.52 | J2: 17.88 | K2: 22.34 | L2: 26.81 | M2: 31.08 | N2: 34.97 | O2: 24.38 | P2: 19.5 | Q2: 20.72 | R2: 17.67 | S2: 18.89 | T2: 21.73 | U2: 23.36 | V2: 21.94 | W2: 19.3 | X2: 20.11 | Y2: 16.86 | Z2: 15.84 | AA2: 17.28 | AB2: 37.31 | AC2: 33.52 | AD2: 42.91 | AE2: 46.16 | AF2: 39.61 | AG2: 34.94 | AH2: 31.89 | AI2: 33.34 | AJ2: 32.94 | AK2: 23.16 | AL2: 19.3 | AM2: 21.94 | AN2: 19.7 | AO2: 17.67 | AP2: 17.88 | AQ2: 16.86 | AR2: 17.06 | AS2: 17.47 | AT2: 15.64 | AU2: 14.22 | AV2: 16.25 | AW2: 16.25 | AX2: 26.64 | AY2: 15.84 | AZ2: 18.69 | BA2: 21.33 | BB2: 20.31 | BC2: 19.7 | BD2: 20.31 | BE2: 21.73 | BF2: 23.97 | BG2: 22.55 | BH2: 20.72 | BI2: 19.09 | BJ2: 19.09 | BK2: 19.7 | BL2: 22.14 | BM2: 19.09 | BN2: 22.55 | BO2: 18.89 | BP2: 18.08 | BQ2: 19.09 | BR2: 17.06 | BS2: 18.08 | BT2: 16.45 | BU2: 17.06 | BV2: 17.06 | BW2: 15.23 | BX2: 17.27 | BY2: 19.3 | BZ2: 32.31 | CA2: 87.05 | CB2: 111.81 | CC2: 70.56 | CD2: 88 | CE2: 36.83 | CF2: 21.94 | CG2: 19.91 | CH2: 21.33 | CI2: 21.73 | CJ2: 19.09 | CK2: 19.91 | CL2: 25.42 | CM2: 27.75 | CN2: 22.56 | CO2: 31.92 | CP2: 44.02 | CQ2: 108 | CR2: 50.23 | CS2: 22.14 | CT2: 20.72 | CU2: 17.67 | CV2: 20.92 | CW2: 19.09 | CX2: 18.28 | CY2: 21.73 | CZ2: 19.91 | DA2: 26.41 | DB2: 37.03 | DC2: 154.12 | DD2: 99.64 | DE2: 77.88 | DF2: 32.92 | DG2: 23.97 | DH2: 20.31 | DI2: 20.72 | DJ2: 20.11 | DK2: 19.5 | DL2: 22.75 | DM2: 19.7 | DN2: 15.64 | DO2: 16.25 | DP2: 14.02 | DQ2: 15.84 | DR2: 13.61 | DS2: 15.64 | DT2: 16.05 | DU2: 19.09 | DV2: 16.86 | DW2: 21.73 | DX2: 18.69 | DY2: 18.83
B3: 18.22 | C3: 18.08 | D3: 18.69 | E3: 17.06 | F3: 19.7 | G3: 20.11 | H3: 21.53 | I3: 18.69 | J3: 20.72 | K3: 22.14 | L3: 26.61 | M3: 34.73 | N3: 30.47 | O3: 20.92 | P3: 17.47 | Q3: 16.86 | R3: 17.67 | S3: 19.3 | T3: 18.08 | U3: 21.73 | V3: 22.14 | W3: 21.94 | X3: 23.97 | Y3: 18.28 | Z3: 16.45 | AA3: 19.7 | AB3: 28.03 | AC3: 43.72 | AD3: 41.25 | AE3: 30.88 | AF3: 33.53 | AG3: 33.72 | AH3: 33.12 | AI3: 34.53 | AJ3: 38.2 | AK3: 38.81 | AL3: 31.09 | AM3: 23.16 | AN3: 22.34 | AO3: 20.11 | AP3: 18.69 | AQ3: 18.89 | AR3: 19.7 | AS3: 16.86 | AT3: 18.69 | AU3: 19.5 | AV3: 16.66 | AW3: 16.25 | AX3: 16.86 | AY3: 16.86 | AZ3: 18.08 | BA3: 17.47 | BB3: 17.47 | BC3: 18.91 | BD3: 18.89 | BE3: 20.92 | BF3: 19.3 | BG3: 18.89 | BH3: 18.28 | BI3: 18.69 | BJ3: 19.5 | BK3: 20.72 | BL3: 22.95 | BM3: 23.36 | BN3: 22.34 | BO3: 21.94 | BP3: 16.66 | BQ3: 17.88 | BR3: 15.44 | BS3: 17.27 | BT3: 16.25 | BU3: 19.5 | BV3: 16.45 | BW3: 20.52 | BX3: 25.83 | BY3: 22.14 | BZ3: 52.83 | CA3: 108.25 | CB3: 104.06 | CC3: 81.75 | CD3: 77.25 | CE3: 28.45 | CF3: 21.53 | CG3: 19.7 | CH3: 20.11 | CI3: 17.67 | CJ3: 18.89 | CK3: 17.67 | CL3: 19.7 | CM3: 18.89 | CN3: 20.52 | CO3: 22.34 | CP3: 47.33 | CQ3: 68.47 | CR3: 31.92 | CS3: 20.31 | CT3: 18.28 | CU3: 18.89 | CV3: 17.47 | CW3: 20.11 | CX3: 20.72 | CY3: 36.7 | CZ3: 64.66 | DA3: 93.92 | DB3: 143.94 | DC3: 194.58 | DD3: 57.53 | DE3: 76.38 | DF3: 32.73 | DG3: 24.78 | DH3: 21.53 | DI3: 23.36 | DJ3: 20.92 | DK3: 23.77 | DL3: 21.53 | DM3: 21.33 | DN3: 18.69 | DO3: 18.28 | DP3: 15.44 | DQ3: 17.88 | DR3: 15.84 | DS3: 16.05 | DT3: 16.66 | DU3: 17.27 | DV3: 16.86 | DW3: 18.28 | DX3: 17.67 | DY3: 17.2
B4: 17.81 | C4: 20.11 | D4: 19.3 | E4: 19.5 | F4: 18.89 | G4: 19.7 | H4: 24.58 | I4: 19.09 | J4: 20.72 | K4: 20.11 | L4: 29.66 | M4: 44.97 | N4: 28.84 | O4: 21.12 | P4: 18.48 | Q4: 16.66 | R4: 17.67 | S4: 17.27 | T4: 19.5 | U4: 19.09 | V4: 21.33 | W4: 24.58 | X4: 20.11 | Y4: 19.3 | Z4: 20.52 | AA4: 24.78 | AB4: 37.8 | AC4: 42.69 | AD4: 31.91 | AE4: 22.55 | AF4: 21.12 | AG4: 23.56 | AH4: 27.42 | AI4: 33.52 | AJ4: 40.47 | AK4: 44.12 | AL4: 48.89 | AM4: 39.08 | AN4: 32.53 | AO4: 26.2 | AP4: 22.75 | AQ4: 22.14 | AR4: 20.31 | AS4: 20.52 | AT4: 22.14 | AU4: 23.16 | AV4: 18.28 | AW4: 17.67 | AX4: 17.47 | AY4: 16.45 | AZ4: 18.89 | BA4: 17.47 | BB4: 16.45 | BC4: 17.88 | BD4: 16.86 | BE4: 19.7 | BF4: 16.45 | BG4: 16.25 | BH4: 18.28 | BI4: 19.7 | BJ4: 20.11 | BK4: 21.94 | BL4: 23.77 | BM4: 24.38 | BN4: 23.36 | BO4: 24.58 | BP4: 19.91 | BQ4: 18.28 | BR4: 15.44 | BS4: 15.64 | BT4: 16.05 | BU4: 18.69 | BV4: 17.27 | BW4: 18.89 | BX4: 24.38 | BY4: 35.39 | BZ4: 85.55 | CA4: 114.3 | CB4: 87 | CC4: 85.98 | CD4: 50.41 | CE4: 22.95 | CF4: 20.52 | CG4: 20.92 | CH4: 19.3 | CI4: 18.48 | CJ4: 17.67 | CK4: 16.86 | CL4: 18.48 | CM4: 19.09 | CN4: 20.92 | CO4: 19.5 | CP4: 29.69 | CQ4: 39.92 | CR4: 20.72 | CS4: 17.47 | CT4: 18.28 | CU4: 19.3 | CV4: 18.28 | CW4: 20.52 | CX4: 24.38 | CY4: 57.2 | CZ4: 55.27 | DA4: 61.44 | DB4: 154.14 | DC4: 174.75 | DD4: 69.94 | DE4: 90.5 | DF4: 38.81 | DG4: 26.61 | DH4: 24.78 | DI4: 23.36 | DJ4: 22.75 | DK4: 24.78 | DL4: 23.97 | DM4: 22.34 | DN4: 19.7 | DO4: 19.91 | DP4: 19.52 | DQ4: 17.27 | DR4: 16.05 | DS4: 15.44 | DT4: 18.91 | DU4: 19.75 | DV4: 15.64 | DW4: 16.05 | DX4: 17.47 | DY4: 18.22
B5: 17.2 | C5: 19.09 | D5: 19.3 | E5: 19.91 | F5: 19.3 | G5: 19.3 | H5: 18.89 | I5: 18.28 | J5: 17.47 | K5: 22.55 | L5: 39.28 | M5: 44.52 | N5: 25.39 | O5: 21.12 | P5: 20.92 | Q5: 20.11 | R5: 19.7 | S5: 18.69 | T5: 18.89 | U5: 20.92 | V5: 21.33 | W5: 23.77 | X5: 21.33 | Y5: 21.33 | Z5: 22.34 | AA5: 37.78 | AB5: 53.61 | AC5: 33.95 | AD5: 26.41 | AE5: 20.92 | AF5: 23.16 | AG5: 21.12 | AH5: 20.72 | AI5: 22.34 | AJ5: 24.17 | AK5: 35.78 | AL5: 53.02 | AM5: 61 | AN5: 71.16 | AO5: 66.27 | AP5: 50.78 | AQ5: 29.45 | AR5: 21.94 | AS5: 21.33 | AT5: 22.34 | AU5: 21.53 | AV5: 20.52 | AW5: 20.52 | AX5: 19.09 | AY5: 16.25 | AZ5: 18.69 | BA5: 19.7 | BB5: 17.06 | BC5: 16.86 | BD5: 16.45 | BE5: 13.61 | BF5: 15.84 | BG5: 17.27 | BH5: 20.11 | BI5: 21.33 | BJ5: 20.92 | BK5: 21.12 | BL5: 21.12 | BM5: 24.17 | BN5: 23.16 | BO5: 17.88 | BP5: 17.47 | BQ5: 26.88 | BR5: 14.83 | BS5: 14.83 | BT5: 16.25 | BU5: 14.83 | BV5: 19.3 | BW5: 20.11 | BX5: 27.42 | BY5: 69.39 | BZ5: 113.67 | CA5: 106.55 | CB5: 90.53 | CC5: 66.91 | CD5: 26.61 | CE5: 22.75 | CF5: 27.44 | CG5: 23.97 | CH5: 19.91 | CI5: 16.25 | CJ5: 16.25 | CK5: 19.3 | CL5: 18.89 | CM5: 17.88 | CN5: 20.11 | CO5: 20.11 | CP5: 18.08 | CQ5: 18.28 | CR5: 18.69 | CS5: 19.5 | CT5: 19.09 | CU5: 18.08 | CV5: 18.08 | CW5: 18.28 | CX5: 26.61 | CY5: 30.69 | CZ5: 50.31 | DA5: 82.84 | DB5: 191 | DC5: 101.88 | DD5: 83.47 | DE5: 95.34 | DF5: 44.12 | DG5: 24.98 | DH5: 25.39 | DI5: 21.94 | DJ5: 21.53 | DK5: 22.95 | DL5: 25 | DM5: 20.72 | DN5: 20.72 | DO5: 20.31 | DP5: 17.47 | DQ5: 18.08 | DR5: 16.05 | DS5: 15.64 | DT5: 16.25 | DU5: 16.86 | DV5: 16.25 | DW5: 15.84 | DX5: 22.34 | DY5: 19.23
A6: 1 | B6: 21.45 | C6: 21.33 | D6: 19.09 | E6: 20.31 | F6: 17.88 | G6: 19.3 | H6: 17.67 | I6: 17.47 | J6: 20.11 | K6: 26 | L6: 54.78 | M6: 41.89 | N6: 22.75 | O6: 22.14 | P6: 22.95 | Q6: 23.56 | R6: 20.52 | S6: 20.11 | T6: 20.52 | U6: 20.11 | V6: 20.92 | W6: 21.73 | X6: 20.92 | Y6: 26.41 | Z6: 38.03 | AA6: 46.97 | AB6: 40.64 | AC6: 35.95 | AD6: 29.05 | AE6: 25.39 | AF6: 23.77 | AG6: 21.33 | AH6: 20.11 | AI6: 20.72 | AJ6: 19.91 | AK6: 19.5 | AL6: 26.2 | AM6: 32.92 | AN6: 43.98 | AO6: 69.61 | AP6: 90.47 | AQ6: 56.73 | AR6: 29.05 | AS6: 25.59 | AT6: 22.55 | AU6: 22.34 | AV6: 21.73 | AW6: 22.75 | AX6: 19.3 | AY6: 19.5 | AZ6: 20.11 | BA6: 17.47 | BB6: 19.91 | BC6: 17.47 | BD6: 18.28 | BE6: 18.28 | BF6: 16.25 | BG6: 16.66 | BH6: 17.88 | BI6: 18.08 | BJ6: 18.48 | BK6: 19.3 | BL6: 21.33 | BM6: 19.91 | BN6: 22.34 | BO6: 20.73 | BP6: 17.47 | BQ6: 23.19 | BR6: 15.03 | BS6: 15.44 | BT6: 14.42 | BU6: 17.67 | BV6: 18.28 | BW6: 28.25 | BX6: 66.88 | BY6: 108.02 | BZ6: 115.75 | CA6: 95.34 | CB6: 73.48 | CC6: 30.88 | CD6: 25.39 | CE6: 21.53 | CF6: 25.19 | CG6: 21.12 | CH6: 17.88 | CI6: 14.83 | CJ6: 16.25 | CK6: 15.03 | CL6: 17.47 | CM6: 18.48 | CN6: 18.69 | CO6: 18.28 | CP6: 19.31 | CQ6: 17.47 | CR6: 19.3 | CS6: 18.28 | CT6: 17.06 | CU6: 16.05 | CV6: 16.66 | CW6: 25.03 | CX6: 20.52 | CY6: 40.25 | CZ6: 50.16 | DA6: 105.12 | DB6: 73.97 | DC6: 57.97 | DD6: 61.66 | DE6: 59.58 | DF6: 33.73 | DG6: 25.39 | DH6: 25.19 | DI6: 23.16 | DJ6: 20.11 | DK6: 18.89 | DL6: 18.28 | DM6: 18.69 | DN6: 20.11 | DO6: 22.75 | DP6: 20.92 | DQ6: 20.11 | DR6: 20.11 | DS6: 17.88 | DT6: 16.86 | DU6: 20.33 | DV6: 16.86 | DW6: 17.67 | DX6: 18.48 | DY6: 20.25
B7: 20.05 | C7: 18.89 | D7: 20.52 | E7: 17.88 | F7: 19.09 | G7: 19.09 | H7: 17.47 | I7: 17.47 | J7: 20.31 | K7: 37.62 | L7: 59.72 | M7: 34.55 | N7: 24.38 | O7: 20.31 | P7: 20.92 | Q7: 21.73 | R7: 20.52 | S7: 24.38 | T7: 22.34 | U7: 22.75 | V7: 22.95 | W7: 23.36 | X7: 30.48 | Y7: 44.75 | Z7: 49.84 | AA7: 47.17 | AB7: 34.33 | AC7: 38.2 | AD7: 33.31 | AE7: 24.98 | AF7: 24.17 | AG7: 23.36 | AH7: 20.31 | AI7: 21.33 | AJ7: 18.48 | AK7: 19.91 | AL7: 18.08 | AM7: 19.09 | AN7: 21.73 | AO7: 30.06 | AP7: 59.84 | AQ7: 77.45 | AR7: 48.45 | AS7: 28.64 | AT7: 26.2 | AU7: 24.38 | AV7: 21.12 | AW7: 21.33 | AX7: 20.72 | AY7: 20.11 | AZ7: 18.89 | BA7: 17.88 | BB7: 19.5 | BC7: 21.12 | BD7: 19.3 | BE7: 19.5 | BF7: 18.69 | BG7: 18.48 | BH7: 19.7 | BI7: 19.91 | BJ7: 18.08 | BK7: 19.3 | BL7: 18.69 | BM7: 18.48 | BN7: 21.33 | BO7: 18.69 | BP7: 15.64 | BQ7: 15.64 | BR7: 14.42 | BS7: 15.44 | BT7: 16.66 | BU7: 18.89 | BV7: 25.44 | BW7: 60.88 | BX7: 97.61 | BY7: 126.03 | BZ7: 105.06 | CA7: 76.8 | CB7: 36.61 | CC7: 23.36 | CD7: 22.14 | CE7: 21.73 | CF7: 19.09 | CG7: 20.52 | CH7: 19.09 | CI7: 17.88 | CJ7: 17.06 | CK7: 16.25 | CL7: 18.08 | CM7: 20.92 | CN7: 17.88 | CO7: 16.66 | CP7: 19.3 | CQ7: 17.67 | CR7: 17.67 | CS7: 17.47 | CT7: 19.5 | CU7: 18.28 | CV7: 16.86 | CW7: 18.48 | CX7: 21.33 | CY7: 21.33 | CZ7: 29.05 | DA7: 41.45 | DB7: 42.7 | DC7: 41.52 | DD7: 37.2 | DE7: 28.23 | DF7: 28.84 | DG7: 25.59 | DH7: 21.33 | DI7: 21.12 | DJ7: 21.73 | DK7: 21.73 | DL7: 19.7 | DM7: 19.91 | DN7: 20.11 | DO7: 20.11 | DP7: 24.58 | DQ7: 27.02 | DR7: 21.33 | DS7: 22.95 | DT7: 17.47 | DU7: 18.89 | DV7: 15.23 | DW7: 17.47 | DX7: 17.27 | DY7: 17.8
B8: 16.19 | C8: 17.88 | D8: 19.91 | E8: 18.89 | F8: 17.47 | G8: 18.08 | H8: 18.08 | I8: 18.28 | J8: 23.16 | K8: 53.62 | L8: 63.53 | M8: 30.67 | N8: 19.3 | O8: 18.89 | P8: 17.47 | Q8: 21.33 | R8: 22.56 | S8: 21.73 | T8: 23.97 | U8: 27.22 | V8: 29.05 | W8: 37.81 | X8: 50.28 | Y8: 49.47 | Z8: 50.05 | AA8: 48.78 | AB8: 39.67 | AC8: 37.39 | AD8: 33.92 | AE8: 25.59 | AF8: 22.75 | AG8: 22.14 | AH8: 20.92 | AI8: 20.31 | AJ8: 19.91 | AK8: 18.08 | AL8: 19.91 | AM8: 17.06 | AN8: 19.91 | AO8: 24.38 | AP8: 33.34 | AQ8: 63.41 | AR8: 69.53 | AS8: 41.3 | AT8: 27.02 | AU8: 26.61 | AV8: 24.17 | AW8: 21.53 | AX8: 20.11 | AY8: 22.34 | AZ8: 19.3 | BA8: 20.31 | BB8: 20.11 | BC8: 21.73 | BD8: 18.69 | BE8: 20.11 | BF8: 20.31 | BG8: 19.3 | BH8: 19.5 | BI8: 19.91 | BJ8: 20.52 | BK8: 19.3 | BL8: 18.08 | BM8: 18.89 | BN8: 19.09 | BO8: 18.28 | BP8: 16.45 | BQ8: 17.06 | BR8: 14.83 | BS8: 16.66 | BT8: 18.28 | BU8: 20.72 | BV8: 47.31 | BW8: 83.91 | BX8: 132.05 | BY8: 115.34 | BZ8: 82.25 | CA8: 39.3 | CB8: 23.56 | CC8: 20.72 | CD8: 21.53 | CE8: 20.92 | CF8: 21.73 | CG8: 20.52 | CH8: 18.28 | CI8: 16.86 | CJ8: 15.84 | CK8: 16.05 | CL8: 17.06 | CM8: 16.86 | CN8: 17.67 | CO8: 16.66 | CP8: 18.69 | CQ8: 18.89 | CR8: 16.66 | CS8: 18.28 | CT8: 18.48 | CU8: 18.69 | CV8: 16.86 | CW8: 18.28 | CX8: 21.12 | CY8: 24.38 | CZ8: 33.11 | DA8: 34.33 | DB8: 30.67 | DC8: 24.58 | DD8: 24.58 | DE8: 24.78 | DF8: 26.22 | DG8: 24.17 | DH8: 21.73 | DI8: 21.73 | DJ8: 21.12 | DK8: 21.53 | DL8: 20.72 | DM8: 19.91 | DN8: 18.69 | DO8: 19.09 | DP8: 24.98 | DQ8: 26.41 | DR8: 28.86 | DS8: 20.31 | DT8: 22.34 | DU8: 20.31 | DV8: 18.28 | DW8: 18.08 | DX8: 16.45 | DY8: 16.39
B9: 17.81 | C9: 18.48 | D9: 17.47 | E9: 19.91 | F9: 19.3 | G9: 18.69 | H9: 17.67 | I9: 20.11 | J9: 31.3 | K9: 61.42 | L9: 57.67 | M9: 29.05 | N9: 20.92 | O9: 18.89 | P9: 19.91 | Q9: 23.77 | R9: 25.59 | S9: 25.19 | T9: 36.39 | U9: 46.78 | V9: 50.52 | W9: 47.81 | X9: 41.67 | Y9: 40.45 | Z9: 40.03 | AA9: 41.25 | AB9: 37.17 | AC9: 30.67 | AD9: 25.59 | AE9: 21.53 | AF9: 19.5 | AG9: 18.08 | AH9: 20.11 | AI9: 18.48 | AJ9: 18.69 | AK9: 20.72 | AL9: 20.92 | AM9: 20.11 | AN9: 20.31 | AO9: 20.72 | AP9: 25.39 | AQ9: 39.86 | AR9: 98.05 | AS9: 82.72 | AT9: 52.67 | AU9: 26.41 | AV9: 23.97 | AW9: 19.09 | AX9: 21.73 | AY9: 20.92 | AZ9: 17.88 | BA9: 19.7 | BB9: 19.5 | BC9: 16.45 | BD9: 18.48 | BE9: 18.89 | BF9: 19.3 | BG9: 20.31 | BH9: 21.12 | BI9: 18.28 | BJ9: 18.89 | BK9: 17.06 | BL9: 17.06 | BM9: 16.86 | BN9: 15.03 | BO9: 15.03 | BP9: 14.62 | BQ9: 14.83 | BR9: 16.05 | BS9: 17.67 | BT9: 21.33 | BU9: 36.64 | BV9: 77.89 | BW9: 128.23 | BX9: 118.27 | BY9: 95.38 | BZ9: 54.69 | CA9: 29.25 | CB9: 21.94 | CC9: 20.92 | CD9: 19.3 | CE9: 19.09 | CF9: 20.52 | CG9: 21.12 | CH9: 19.3 | CI9: 19.09 | CJ9: 17.06 | CK9: 17.27 | CL9: 18.69 | CM9: 18.28 | CN9: 18.08 | CO9: 18.28 | CP9: 18.28 | CQ9: 15.03 | CR9: 15.64 | CS9: 17.67 | CT9: 19.3 | CU9: 18.08 | CV9: 17.88 | CW9: 19.91 | CX9: 21.53 | CY9: 29.05 | CZ9: 29.25 | DA9: 27.02 | DB9: 20.92 | DC9: 19.09 | DD9: 19.7 | DE9: 21.12 | DF9: 20.11 | DG9: 19.7 | DH9: 21.53 | DI9: 19.7 | DJ9: 22.14 | DK9: 20.72 | DL9: 20.92 | DM9: 19.91 | DN9: 21.33 | DO9: 22.14 | DP9: 23.56 | DQ9: 27.83 | DR9: 26.81 | DS9: 24.58 | DT9: 19.09 | DU9: 18.89 | DV9: 19.3 | DW9: 17.47 | DX9: 17.27 | DY9: 18.42
A10: 2 | B10: 17.81 | C10: 19.7 | D10: 16.25 | E10: 20.52 | F10: 21.73 | G10: 18.48 | H10: 19.5 | I10: 24.38 | J10: 42.92 | K10: 49.84 | L10: 66.19 | M10: 36.17 | N10: 22.34 | O10: 22.95 | P10: 22.14 | Q10: 25.59 | R10: 31.5 | S10: 50.94 | T10: 65.38 | U10: 59.12 | V10: 48.83 | W10: 42.75 | X10: 38.59 | Y10: 35.55 | Z10: 31.28 | AA10: 31.08 | AB10: 27.42 | AC10: 24.78 | AD10: 22.95 | AE10: 19.3 | AF10: 17.47 | AG10: 18.28 | AH10: 15.64 | AI10: 17.27 | AJ10: 16.86 | AK10: 18.28 | AL10: 20.72 | AM10: 21.94 | AN10: 21.12 | AO10: 20.92 | AP10: 23.77 | AQ10: 34.75 | AR10: 118.47 | AS10: 164.17 | AT10: 72.78 | AU10: 24.98 | AV10: 23.16 | AW10: 18.08 | AX10: 18.08 | AY10: 19.5 | AZ10: 19.5 | BA10: 16.86 | BB10: 17.06 | BC10: 18.48 | BD10: 18.08 | BE10: 18.69 | BF10: 22.55 | BG10: 20.92 | BH10: 20.72 | BI10: 17.27 | BJ10: 17.67 | BK10: 19.09 | BL10: 19.91 | BM10: 14.42 | BN10: 15.84 | BO10: 13.81 | BP10: 13.81 | BQ10: 14.83 | BR10: 19.3 | BS10: 20.92 | BT10: 44.23 | BU10: 89.5 | BV10: 134.72 | BW10: 148.16 | BX10: 122.61 | BY10: 91.34 | BZ10: 47.47 | CA10: 24.58 | CB10: 21.94 | CC10: 22.14 | CD10: 20.11 | CE10: 19.09 | CF10: 18.69 | CG10: 18.48 | CH10: 18.08 | CI10: 17.88 | CJ10: 20.92 | CK10: 20.31 | CL10: 19.7 | CM10: 18.69 | CN10: 19.5 | CO10: 18.89 | CP10: 18.08 | CQ10: 17.67 | CR10: 16.66 | CS10: 17.67 | CT10: 18.08 | CU10: 18.48 | CV10: 16.05 | CW10: 18.28 | CX10: 28.64 | CY10: 27.64 | CZ10: 26 | DA10: 23.56 | DB10: 18.09 | DC10: 17.08 | DD10: 17.06 | DE10: 19.91 | DF10: 16.25 | DG10: 15.44 | DH10: 17.88 | DI10: 19.5 | DJ10: 19.91 | DK10: 20.11 | DL10: 19.3 | DM10: 19.3 | DN10: 24 | DO10: 19.3 | DP10: 21.12 | DQ10: 26.2 | DR10: 25.59 | DS10: 21.53 | DT10: 19.5 | DU10: 21.33 | DV10: 19.91 | DW10: 19.09 | DX10: 18.48 | DY10: 17.41
B11: 17.58 | C11: 16.45 | D11: 16.86 | E11: 18.69 | F11: 20.52 | G11: 18.08 | H11: 20.52 | I11: 33.95 | J11: 50.66 | K11: 53.33 | L11: 63.92 | M11: 43.92 | N11: 40.05 | O11: 32.73 | P11: 32.91 | Q11: 46.84 | R11: 64.92 | S11: 64.34 | T11: 42.73 | U11: 30.88 | V11: 29.66 | W11: 28.84 | X11: 26.41 | Y11: 28.64 | Z11: 28.84 | AA11: 23.77 | AB11: 22.75 | AC11: 22.75 | AD11: 19.7 | AE11: 19.5 | AF11: 20.72 | AG11: 16.45 | AH11: 16.66 | AI11: 15.44 | AJ11: 16.05 | AK11: 18.28 | AL11: 22.75 | AM11: 25.19 | AN11: 24.38 | AO11: 20.11 | AP11: 23.36 | AQ11: 49.64 | AR11: 122.16 | AS11: 115.75 | AT11: 45.03 | AU11: 23.16 | AV11: 19.91 | AW11: 19.3 | AX11: 17.88 | AY11: 20.72 | AZ11: 19.7 | BA11: 19.7 | BB11: 19.91 | BC11: 19.91 | BD11: 20.11 | BE11: 20.11 | BF11: 22.75 | BG11: 19.3 | BH11: 18.08 | BI11: 17.06 | BJ11: 18.69 | BK11: 17.27 | BL11: 16.05 | BM11: 15.44 | BN11: 15.23 | BO11: 14.42 | BP11: 16.05 | BQ11: 15.64 | BR11: 28.7 | BS11: 66.12 | BT11: 93.48 | BU11: 153.61 | BV11: 159.58 | BW11: 140.56 | BX11: 105.34 | BY11: 64.34 | BZ11: 37.2 | CA11: 23.97 | CB11: 21.12 | CC11: 20.52 | CD11: 17.27 | CE11: 21.73 | CF11: 22.95 | CG11: 17.88 | CH11: 17.47 | CI11: 19.5 | CJ11: 21.73 | CK11: 21.94 | CL11: 23.77 | CM11: 21.53 | CN11: 20.52 | CO11: 17.88 | CP11: 17.06 | CQ11: 17.06 | CR11: 16.86 | CS11: 20.52 | CT11: 18.48 | CU11: 19.09 | CV11: 19.09 | CW11: 24.58 | CX11: 29.05 | CY11: 26.62 | CZ11: 23.36 | DA11: 18.28 | DB11: 18.89 | DC11: 14.02 | DD11: 15.23 | DE11: 17.06 | DF11: 15.64 | DG11: 15.44 | DH11: 16.66 | DI11: 18.69 | DJ11: 17.47 | DK11: 16.66 | DL11: 18.08 | DM11: 19.5 | DN11: 17.67 | DO11: 18.69 | DP11: 20.31 | DQ11: 26.41 | DR11: 26 | DS11: 20.11 | DT11: 18.69 | DU11: 17.88 | DV11: 20.11 | DW11: 19.3 | DX11: 16.45 | DY11: 17
B12: 18.41 | C12: 19.7 | D12: 17.06 | E12: 18.08 | F12: 20.31 | G12: 18.28 | H12: 22.14 | I12: 42.09 | J12: 56.64 | K12: 60.34 | L12: 68.5 | M12: 50.89 | N12: 52.11 | O12: 49.42 | P12: 51.7 | Q12: 60.39 | R12: 42.75 | S12: 31.89 | T12: 27.03 | U12: 26 | V12: 29.86 | W12: 28.84 | X12: 26.81 | Y12: 23.36 | Z12: 22.95 | AA12: 20.92 | AB12: 21.12 | AC12: 19.91 | AD12: 19.91 | AE12: 19.3 | AF12: 19.3 | AG12: 20.52 | AH12: 18.69 | AI12: 19.7 | AJ12: 19.3 | AK12: 21.33 | AL12: 22.14 | AM12: 31.58 | AN12: 24.22 | AO12: 21.73 | AP12: 26.41 | AQ12: 72.92 | AR12: 111.81 | AS12: 101.59 | AT12: 38.3 | AU12: 22.75 | AV12: 20.11 | AW12: 22.14 | AX12: 20.92 | AY12: 20.53 | AZ12: 19.3 | BA12: 18.28 | BB12: 20.31 | BC12: 19.09 | BD12: 19.5 | BE12: 17.47 | BF12: 22.55 | BG12: 23.56 | BH12: 18.28 | BI12: 15.44 | BJ12: 17.88 | BK12: 16.25 | BL12: 16.05 | BM12: 14.42 | BN12: 16.45 | BO12: 15.84 | BP12: 19.5 | BQ12: 33.62 | BR12: 74.14 | BS12: 90.33 | BT12: 120.72 | BU12: 161.95 | BV12: 148.64 | BW12: 139.89 | BX12: 95.75 | BY12: 53.59 | BZ12: 39.66 | CA12: 25.59 | CB12: 20.31 | CC12: 18.28 | CD12: 17.67 | CE12: 19.91 | CF12: 19.7 | CG12: 20.92 | CH12: 19.5 | CI12: 20.11 | CJ12: 18.28 | CK12: 21.53 | CL12: 23.16 | CM12: 24.58 | CN12: 19.91 | CO12: 20.31 | CP12: 17.47 | CQ12: 18.08 | CR12: 17.67 | CS12: 21.12 | CT12: 31.8 | CU12: 20.11 | CV12: 24.78 | CW12: 28.23 | CX12: 31.28 | CY12: 22.75 | CZ12: 19.3 | DA12: 16.66 | DB12: 16.25 | DC12: 14.02 | DD12: 16.25 | DE12: 17.06 | DF12: 14.02 | DG12: 14.22 | DH12: 15.64 | DI12: 17.47 | DJ12: 16.05 | DK12: 16.05 | DL12: 18.89 | DM12: 19.3 | DN12: 17.88 | DO12: 19.91 | DP12: 21.53 | DQ12: 24.98 | DR12: 21.12 | DS12: 19.5 | DT12: 20.72 | DU12: 18.69 | DV12: 17.06 | DW12: 16.05 | DX12: 14.42 | DY12: 16.39
B13: 17.81 | C13: 17.47 | D13: 17.47 | E13: 20.31 | F13: 21.73 | G13: 19.5 | H13: 19.91 | I13: 48.41 | J13: 52.73 | K13: 58.94 | L13: 58.27 | M13: 56.69 | N13: 55.23 | O13: 52.53 | P13: 54.16 | Q13: 34.16 | R13: 24.17 | S13: 26.81 | T13: 27.42 | U13: 24.98 | V13: 26 | W13: 26.41 | X13: 20.72 | Y13: 26.61 | Z13: 21.53 | AA13: 17.88 | AB13: 19.5 | AC13: 18.48 | AD13: 19.3 | AE13: 17.88 | AF13: 21.12 | AG13: 22.95 | AH13: 23.36 | AI13: 25.86 | AJ13: 25.59 | AK13: 26.41 | AL13: 23.77 | AM13: 22.34 | AN13: 20.72 | AO13: 23.36 | AP13: 35.62 | AQ13: 111.58 | AR13: 111.58 | AS13: 81.03 | AT13: 26.2 | AU13: 22.34 | AV13: 17.06 | AW13: 20.31 | AX13: 20.72 | AY13: 18.69 | AZ13: 20.92 | BA13: 20.31 | BB13: 19.5 | BC13: 17.67 | BD13: 28.73 | BE13: 20.72 | BF13: 20.72 | BG13: 21.12 | BH13: 21.12 | BI13: 17.47 | BJ13: 16.66 | BK13: 16.86 | BL13: 15.03 | BM13: 15.03 | BN13: 15.64 | BO13: 17.88 | BP13: 26.86 | BQ13: 65.44 | BR13: 72 | BS13: 87.59 | BT13: 135.42 | BU13: 159.55 | BV13: 141.42 | BW13: 101.39 | BX13: 66.61 | BY13: 47.14 | BZ13: 40.02 | CA13: 36.19 | CB13: 23.36 | CC13: 19.91 | CD13: 20.72 | CE13: 21.12 | CF13: 21.33 | CG13: 22.75 | CH13: 21.73 | CI13: 19.7 | CJ13: 20.52 | CK13: 23.56 | CL13: 23.97 | CM13: 27.44 | CN13: 34.27 | CO13: 19.3 | CP13: 17.88 | CQ13: 16.45 | CR13: 19.31 | CS13: 19.3 | CT13: 19.7 | CU13: 19.91 | CV13: 27.22 | CW13: 27.22 | CX13: 23.56 | CY13: 18.48 | CZ13: 16.05 | DA13: 17.88 | DB13: 15.23 | DC13: 14.83 | DD13: 14.62 | DE13: 16.66 | DF13: 15.84 | DG13: 15.23 | DH13: 16.66 | DI13: 17.27 | DJ13: 16.25 | DK13: 17.47 | DL13: 17.67 | DM13: 18.48 | DN13: 19.3 | DO13: 19.5 | DP13: 21.53 | DQ13: 20.72 | DR13: 17.88 | DS13: 19.91 | DT13: 19.7 | DU13: 18.69 | DV13: 16.45 | DW13: 14.62 | DX13: 14.62 | DY13: 14.75
A14: 3 | B14: 18.42 | C14: 20.52 | D14: 20.72 | E14: 22.75 | F14: 20.31 | G14: 19.09 | H14: 21.33 | I14: 44.59 | J14: 46.81 | K14: 55.17 | L14: 56.5 | M14: 49.45 | N14: 50.94 | O14: 49.27 | P14: 51.81 | Q14: 21.94 | R14: 22.34 | S14: 25.39 | T14: 24.98 | U14: 22.34 | V14: 24.17 | W14: 21.73 | X14: 20.92 | Y14: 21.33 | Z14: 20.31 | AA14: 21.12 | AB14: 23.98 | AC14: 20.92 | AD14: 19.5 | AE14: 21.33 | AF14: 22.34 | AG14: 23.77 | AH14: 25.59 | AI14: 23.16 | AJ14: 23.56 | AK14: 24.98 | AL14: 21.12 | AM14: 20.31 | AN14: 19.3 | AO14: 23.16 | AP14: 63.67 | AQ14: 144.52 | AR14: 109.42 | AS14: 43.42 | AT14: 19.91 | AU14: 16.86 | AV14: 19.09 | AW14: 16.25 | AX14: 19.3 | AY14: 17.88 | AZ14: 16.66 | BA14: 20.31 | BB14: 17.27 | BC14: 20.31 | BD14: 20.31 | BE14: 20.92 | BF14: 19.7 | BG14: 20.31 | BH14: 19.5 | BI14: 21.73 | BJ14: 21.73 | BK14: 17.67 | BL14: 17.88 | BM14: 18.69 | BN14: 17.27 | BO14: 19.7 | BP14: 54.12 | BQ14: 60.03 | BR14: 67.44 | BS14: 99.3 | BT14: 157.25 | BU14: 152.14 | BV14: 126.81 | BW14: 54.72 | BX14: 36.22 | BY14: 41.25 | BZ14: 35.55 | CA14: 36.97 | CB14: 32.7 | CC14: 28.44 | CD14: 28.45 | CE14: 26 | CF14: 28.03 | CG14: 27.42 | CH14: 25.59 | CI14: 21.94 | CJ14: 23.36 | CK14: 23.36 | CL14: 27.02 | CM14: 25.59 | CN14: 21.73 | CO14: 19.5 | CP14: 19.31 | CQ14: 16.86 | CR14: 16.86 | CS14: 17.47 | CT14: 23.36 | CU14: 26 | CV14: 29.25 | CW14: 24.58 | CX14: 18.48 | CY14: 17.88 | CZ14: 15.64 | DA14: 15.44 | DB14: 17.88 | DC14: 15.23 | DD14: 16.45 | DE14: 15.64 | DF14: 16.25 | DG14: 15.44 | DH14: 17.27 | DI14: 17.67 | DJ14: 17.27 | DK14: 18.69 | DL14: 17.67 | DM14: 17.88 | DN14: 22.55 | DO14: 18.69 | DP14: 21.12 | DQ14: 18.28 | DR14: 16.86 | DS14: 17.67 | DT14: 17.67 | DU14: 16.45 | DV14: 16.05 | DW14: 14.83 | DX14: 14.22 | DY14: 14.36
B15: 19.44 | C15: 19.3 | D15: 20.11 | E15: 21.33 | F15: 19.5 | G15: 21.12 | H15: 20.31 | I15: 34.19 | J15: 60.97 | K15: 66.41 | L15: 55.64 | M15: 52.31 | N15: 49.02 | O15: 47 | P15: 28.88 | Q15: 21.73 | R15: 21.94 | S15: 25.81 | T15: 21.33 | U15: 20.52 | V15: 19.91 | W15: 19.09 | X15: 18.08 | Y15: 19.5 | Z15: 21.53 | AA15: 22.55 | AB15: 20.52 | AC15: 20.31 | AD15: 21.33 | AE15: 21.73 | AF15: 23.56 | AG15: 21.94 | AH15: 20.72 | AI15: 22.14 | AJ15: 21.33 | AK15: 23.16 | AL15: 19.09 | AM15: 21.94 | AN15: 22.75 | AO15: 28.86 | AP15: 99.75 | AQ15: 182.25 | AR15: 116.28 | AS15: 25.39 | AT15: 20.52 | AU15: 17.47 | AV15: 17.27 | AW15: 17.47 | AX15: 17.88 | AY15: 17.27 | AZ15: 19.7 | BA15: 17.47 | BB15: 18.08 | BC15: 18.69 | BD15: 20.11 | BE15: 21.73 | BF15: 21.53 | BG15: 26.05 | BH15: 30.08 | BI15: 21.33 | BJ15: 22.55 | BK15: 19.91 | BL15: 19.7 | BM15: 41.78 | BN15: 76.73 | BO15: 60.19 | BP15: 65.39 | BQ15: 71.2 | BR15: 93.25 | BS15: 132.2 | BT15: 156.38 | BU15: 141.14 | BV15: 98.72 | BW15: 35.03 | BX15: 23.77 | BY15: 32.09 | BZ15: 35.55 | CA15: 38.19 | CB15: 41.69 | CC15: 39.03 | CD15: 32.7 | CE15: 31.08 | CF15: 25.39 | CG15: 24.58 | CH15: 23.77 | CI15: 22.95 | CJ15: 25.19 | CK15: 22.55 | CL15: 26.61 | CM15: 23.77 | CN15: 21.73 | CO15: 18.48 | CP15: 19.3 | CQ15: 18.28 | CR15: 16.25 | CS15: 17.06 | CT15: 24.58 | CU15: 33.92 | CV15: 27.62 | CW15: 21.73 | CX15: 20.11 | CY15: 15.84 | CZ15: 21.94 | DA15: 24.17 | DB15: 22.34 | DC15: 20.52 | DD15: 17.27 | DE15: 16.66 | DF15: 14.83 | DG15: 15.44 | DH15: 17.88 | DI15: 17.47 | DJ15: 16.05 | DK15: 17.47 | DL15: 16.86 | DM15: 17.67 | DN15: 16.45 | DO15: 18.08 | DP15: 16.66 | DQ15: 16.25 | DR15: 17.47 | DS15: 19.72 | DT15: 16.86 | DU15: 16.45 | DV15: 15.84 | DW15: 14.22 | DX15: 14.02 | DY15: 14.97
B16: 20.05 | C16: 18.69 | D16: 17.88 | E16: 17.67 | F16: 16.66 | G16: 18.48 | H16: 19.5 | I16: 24.19 | J16: 52.52 | K16: 61.66 | L16: 60.97 | M16: 57.05 | N16: 50.67 | O16: 35.36 | P16: 22.55 | Q16: 21.53 | R16: 17.47 | S16: 20.31 | T16: 19.91 | U16: 19.09 | V16: 20.31 | W16: 20.92 | X16: 16.25 | Y16: 19.92 | Z16: 18.69 | AA16: 21.94 | AB16: 22.14 | AC16: 21.12 | AD16: 18.89 | AE16: 21.73 | AF16: 23.56 | AG16: 20.92 | AH16: 20.11 | AI16: 22.55 | AJ16: 21.53 | AK16: 21.95 | AL16: 20.72 | AM16: 21.95 | AN16: 23.36 | AO16: 30.47 | AP16: 137.17 | AQ16: 181.39 | AR16: 68.42 | AS16: 23.16 | AT16: 18.69 | AU16: 17.06 | AV16: 18.69 | AW16: 18.28 | AX16: 17.06 | AY16: 17.06 | AZ16: 17.67 | BA16: 20.92 | BB16: 21.12 | BC16: 21.53 | BD16: 21.73 | BE16: 19.3 | BF16: 21.12 | BG16: 18.08 | BH16: 20.31 | BI16: 20.52 | BJ16: 21.33 | BK16: 20.11 | BL16: 22.55 | BM16: 87.48 | BN16: 90.94 | BO16: 137.84 | BP16: 110.7 | BQ16: 80.39 | BR16: 112.61 | BS16: 152.84 | BT16: 170.64 | BU16: 119.34 | BV16: 41.86 | BW16: 26.81 | BX16: 21.33 | BY16: 19.5 | BZ16: 26.41 | CA16: 31.89 | CB16: 35.56 | CC16: 33.11 | CD16: 27.22 | CE16: 23.16 | CF16: 34.84 | CG16: 21.53 | CH16: 22.14 | CI16: 24.58 | CJ16: 27.03 | CK16: 26.61 | CL16: 27.22 | CM16: 23.56 | CN16: 19.7 | CO16: 17.67 | CP16: 16.05 | CQ16: 19.09 | CR16: 15.64 | CS16: 18.08 | CT16: 27.84 | CU16: 27.42 | CV16: 25.59 | CW16: 23.36 | CX16: 22.95 | CY16: 21.53 | CZ16: 20.72 | DA16: 23.36 | DB16: 23.36 | DC16: 21.12 | DD16: 19.7 | DE16: 16.86 | DF16: 15.23 | DG16: 15.84 | DH16: 14.83 | DI16: 17.27 | DJ16: 17.06 | DK16: 19.3 | DL16: 21.12 | DM16: 19.3 | DN16: 19.7 | DO16: 17.67 | DP16: 17.27 | DQ16: 17.47 | DR16: 18.69 | DS16: 19.09 | DT16: 19.3 | DU16: 16.66 | DV16: 13.81 | DW16: 13.61 | DX16: 14.42 | DY16: 15.38
B17: 20.44 | C17: 16.88 | D17: 18.89 | E17: 18.69 | F17: 18.08 | G17: 17.67 | H17: 17.47 | I17: 19.5 | J17: 45.62 | K17: 59.5 | L17: 78.03 | M17: 72.66 | N17: 59.09 | O17: 33.14 | P17: 20.72 | Q17: 20.31 | R17: 21.12 | S17: 18.69 | T17: 20.72 | U17: 20.11 | V17: 21.73 | W17: 20.72 | X17: 19.09 | Y17: 16.25 | Z17: 15.64 | AA17: 17.88 | AB17: 18.69 | AC17: 19.3 | AD17: 18.89 | AE17: 16.66 | AF17: 19.91 | AG17: 19.09 | AH17: 20.72 | AI17: 20.11 | AJ17: 19.09 | AK17: 20.72 | AL17: 21.73 | AM17: 21.53 | AN17: 23.16 | AO17: 48.8 | AP17: 193.14 | AQ17: 176.8 | AR17: 42.22 | AS17: 22.14 | AT17: 21.12 | AU17: 18.89 | AV17: 18.48 | AW17: 19.5 | AX17: 20.31 | AY17: 17.67 | AZ17: 19.3 | BA17: 21.94 | BB17: 26.2 | BC17: 38.62 | BD17: 34.55 | BE17: 21.53 | BF17: 20.72 | BG17: 18.69 | BH17: 20.11 | BI17: 21.53 | BJ17: 19.5 | BK17: 20.31 | BL17: 24.38 | BM17: 54.3 | BN17: 149.34 | BO17: 132.81 | BP17: 149.75 | BQ17: 121.7 | BR17: 136.58 | BS17: 177.92 | BT17: 154.28 | BU17: 37.31 | BV17: 22.55 | BW17: 21.94 | BX17: 18.69 | BY17: 20.11 | BZ17: 20.92 | CA17: 23.77 | CB17: 25.8 | CC17: 23.77 | CD17: 24.17 | CE17: 26.41 | CF17: 25.8 | CG17: 23.97 | CH17: 23.77 | CI17: 23.77 | CJ17: 25.8 | CK17: 26 | CL17: 22.55 | CM17: 22.14 | CN17: 17.88 | CO17: 16.86 | CP17: 16.86 | CQ17: 16.25 | CR17: 18.69 | CS17: 23.16 | CT17: 29.47 | CU17: 25.8 | CV17: 22.75 | CW17: 24.78 | CX17: 20.92 | CY17: 18.69 | CZ17: 17.88 | DA17: 17.88 | DB17: 20.31 | DC17: 25.81 | DD17: 25.8 | DE17: 19.09 | DF17: 20.72 | DG17: 18.28 | DH17: 18.08 | DI17: 17.88 | DJ17: 17.47 | DK17: 19.7 | DL17: 17.67 | DM17: 19.09 | DN17: 18.28 | DO17: 19.09 | DP17: 19.5 | DQ17: 16.25 | DR17: 16.86 | DS17: 16.25 | DT17: 16.25 | DU17: 15.64 | DV17: 14.02 | DW17: 13.41 | DX17: 15.23 | DY17: 15.38
A18: 4 | B18: 18.83 | C18: 16.86 | D18: 19.7 | E18: 18.28 | F18: 18.28 | G18: 16.05 | H18: 16.25 | I18: 19.09 | J18: 31.3 | K18: 71.77 | L18: 102.45 | M18: 100.5 | N18: 59.95 | O18: 24.59 | P18: 21.33 | Q18: 20.11 | R18: 20.52 | S18: 19.7 | T18: 20.72 | U18: 25 | V18: 26.62 | W18: 22.75 | X18: 18.28 | Y18: 17.47 | Z18: 17.88 | AA18: 18.28 | AB18: 19.91 | AC18: 18.89 | AD18: 17.88 | AE18: 18.89 | AF18: 18.89 | AG18: 17.88 | AH18: 20.92 | AI18: 21.73 | AJ18: 20.92 | AK18: 19.09 | AL18: 21.12 | AM18: 22.34 | AN18: 24.58 | AO18: 93.77 | AP18: 199.95 | AQ18: 101.36 | AR18: 27.62 | AS18: 21.53 | AT18: 20.52 | AU18: 18.08 | AV18: 20.72 | AW18: 21.53 | AX18: 20.92 | AY18: 21.53 | AZ18: 19.09 | BA18: 21.34 | BB18: 26.2 | BC18: 27.02 | BD18: 21.12 | BE18: 20.31 | BF18: 21.53 | BG18: 22.34 | BH18: 20.72 | BI18: 21.53 | BJ18: 19.91 | BK18: 21.12 | BL18: 21.33 | BM18: 29.27 | BN18: 103.31 | BO18: 159.53 | BP18: 127 | BQ18: 147.64 | BR18: 168.91 | BS18: 159.11 | BT18: 50.92 | BU18: 21.33 | BV18: 18.89 | BW18: 18.69 | BX18: 15.23 | BY18: 19.09 | BZ18: 22.14 | CA18: 23.16 | CB18: 22.95 | CC18: 22.75 | CD18: 21.94 | CE18: 25.19 | CF18: 26.62 | CG18: 24.58 | CH18: 25.19 | CI18: 25.81 | CJ18: 25.39 | CK18: 19.7 | CL18: 18.69 | CM18: 19.5 | CN18: 17.27 | CO18: 18.48 | CP18: 18.28 | CQ18: 17.67 | CR18: 19.5 | CS18: 27.42 | CT18: 26.81 | CU18: 23.36 | CV18: 20.52 | CW18: 19.09 | CX18: 19.09 | CY18: 16.05 | CZ18: 14.42 | DA18: 13.81 | DB18: 14.22 | DC18: 23.8 | DD18: 16.45 | DE18: 19.09 | DF18: 19.3 | DG18: 19.91 | DH18: 19.3 | DI18: 18.48 | DJ18: 20.11 | DK18: 16.25 | DL18: 16.45 | DM18: 18.08 | DN18: 18.08 | DO18: 17.88 | DP18: 23.58 | DQ18: 16.45 | DR18: 17.67 | DS18: 16.66 | DT18: 16.45 | DU18: 16.05 | DV18: 15.64 | DW18: 15.86 | DX18: 16.25 | DY18: 15.36
B19: 17.2 | C19: 18.69 | D19: 18.48 | E19: 19.91 | F19: 17.88 | G19: 16.25 | H19: 16.86 | I19: 16.45 | J19: 28.66 | K19: 72.44 | L19: 123.23 | M19: 126.19 | N19: 45.39 | O19: 21.33 | P19: 20.92 | Q19: 18.48 | R19: 20.11 | S19: 21.33 | T19: 28.03 | U19: 24.58 | V19: 22.14 | W19: 21.94 | X19: 23.36 | Y19: 18.28 | Z19: 19.7 | AA19: 18.69 | AB19: 15.64 | AC19: 15.03 | AD19: 16.05 | AE19: 19.09 | AF19: 21.33 | AG19: 18.69 | AH19: 21.73 | AI19: 21.12 | AJ19: 21.12 | AK19: 20.52 | AL19: 20.92 | AM19: 20.52 | AN19: 47.81 | AO19: 161.34 | AP19: 126.67 | AQ19: 35.62 | AR19: 20.52 | AS19: 20.72 | AT19: 21.12 | AU19: 22.55 | AV19: 21.33 | AW19: 23.77 | AX19: 23.16 | AY19: 23.77 | AZ19: 23.77 | BA19: 20.72 | BB19: 20.72 | BC19: 18.28 | BD19: 18.28 | BE19: 19.09 | BF19: 21.53 | BG19: 21.12 | BH19: 20.31 | BI19: 20.72 | BJ19: 19.7 | BK19: 22.75 | BL19: 26.2 | BM19: 53.92 | BN19: 86.36 | BO19: 158.45 | BP19: 150.2 | BQ19: 166.14 | BR19: 170.84 | BS19: 64.75 | BT19: 22.14 | BU19: 17.27 | BV19: 16.66 | BW19: 15.84 | BX19: 17.27 | BY19: 20.52 | BZ19: 21.73 | CA19: 22.14 | CB19: 24.17 | CC19: 24.58 | CD19: 20.52 | CE19: 23.36 | CF19: 24.98 | CG19: 26.2 | CH19: 25.59 | CI19: 25.59 | CJ19: 21.12 | CK19: 17.47 | CL19: 17.47 | CM19: 17.06 | CN19: 17.67 | CO19: 16.25 | CP19: 16.86 | CQ19: 21.33 | CR19: 27.83 | CS19: 24.98 | CT19: 26.41 | CU19: 24.98 | CV19: 18.48 | CW19: 18.3 | CX19: 16.25 | CY19: 16.05 | CZ19: 14.83 | DA19: 15.64 | DB19: 15.03 | DC19: 15.64 | DD19: 15.84 | DE19: 21.94 | DF19: 18.69 | DG19: 16.66 | DH19: 17.88 | DI19: 18.48 | DJ19: 18.69 | DK19: 17.67 | DL19: 17.47 | DM19: 18.48 | DN19: 18.69 | DO19: 18.08 | DP19: 16.66 | DQ19: 15.44 | DR19: 17.67 | DS19: 18.28 | DT19: 16.45 | DU19: 18.28 | DV19: 14.83 | DW19: 15.44 | DX19: 15.03 | DY19: 16.39
B20: 18.42 | C20: 20.72 | D20: 20.92 | E20: 19.3 | F20: 17.88 | G20: 16.45 | H20: 15.64 | I20: 15.44 | J20: 20.52 | K20: 72.92 | L20: 139.52 | M20: 133.69 | N20: 36.62 | O20: 21.94 | P20: 18.08 | Q20: 18.89 | R20: 19.5 | S20: 21.12 | T20: 26.41 | U20: 26.2 | V20: 22.36 | W20: 27.28 | X20: 26.45 | Y20: 18.69 | Z20: 17.47 | AA20: 17.06 | AB20: 15.23 | AC20: 18.48 | AD20: 18.28 | AE20: 17.88 | AF20: 18.89 | AG20: 19.5 | AH20: 22.75 | AI20: 22.95 | AJ20: 22.95 | AK20: 20.72 | AL20: 22.14 | AM20: 23.56 | AN20: 60.88 | AO20: 68.19 | AP20: 28.03 | AQ20: 20.72 | AR20: 20.11 | AS20: 20.11 | AT20: 18.48 | AU20: 21.12 | AV20: 20.92 | AW20: 25.39 | AX20: 25.19 | AY20: 25.19 | AZ20: 22.75 | BA20: 18.28 | BB20: 17.88 | BC20: 18.69 | BD20: 16.86 | BE20: 17.47 | BF20: 23.56 | BG20: 18.08 | BH20: 18.89 | BI20: 22.34 | BJ20: 22.75 | BK20: 29.89 | BL20: 49.78 | BM20: 84.12 | BN20: 89.52 | BO20: 154.98 | BP20: 180.64 | BQ20: 182.25 | BR20: 125.56 | BS20: 29.47 | BT20: 18.69 | BU20: 17.06 | BV20: 16.86 | BW20: 17.27 | BX20: 17.88 | BY20: 19.91 | BZ20: 22.14 | CA20: 20.52 | CB20: 22.14 | CC20: 22.34 | CD20: 21.33 | CE20: 20.31 | CF20: 21.12 | CG20: 22.34 | CH20: 23.77 | CI20: 20.31 | CJ20: 19.09 | CK20: 16.25 | CL20: 21.33 | CM20: 18.48 | CN20: 19.5 | CO20: 18.08 | CP20: 19.3 | CQ20: 28.03 | CR20: 27.62 | CS20: 24.38 | CT20: 20.11 | CU20: 20.31 | CV20: 19.91 | CW20: 15.84 | CX20: 16.25 | CY20: 14.42 | CZ20: 21.73 | DA20: 15.64 | DB20: 16.05 | DC20: 15.44 | DD20: 18.08 | DE20: 16.45 | DF20: 16.66 | DG20: 15.64 | DH20: 16.05 | DI20: 17.06 | DJ20: 21.94 | DK20: 19.3 | DL20: 19.7 | DM20: 19.09 | DN20: 19.09 | DO20: 18.08 | DP20: 18.28 | DQ20: 17.47 | DR20: 18.89 | DS20: 18.69 | DT20: 18.08 | DU20: 18.48 | DV20: 18.89 | DW20: 16.45 | DX20: 16.45 | DY20: 18.02
B21: 19.03 | C21: 19.3 | D21: 19.09 | E21: 20.72 | F21: 20.72 | G21: 18.28 | H21: 16.66 | I21: 17.06 | J21: 18.48 | K21: 48.12 | L21: 141.56 | M21: 142.86 | N21: 35.42 | O21: 20.52 | P21: 18.08 | Q21: 20.31 | R21: 21.33 | S21: 21.94 | T21: 27.02 | U21: 28.25 | V21: 31.34 | W21: 21.53 | X21: 17.88 | Y21: 17.67 | Z21: 17.88 | AA21: 16.86 | AB21: 18.28 | AC21: 18.48 | AD21: 19.09 | AE21: 17.47 | AF21: 18.89 | AG21: 19.09 | AH21: 21.53 | AI21: 22.14 | AJ21: 21.53 | AK21: 21.12 | AL21: 22.34 | AM21: 22.34 | AN21: 22.75 | AO21: 21.53 | AP21: 22.95 | AQ21: 19.5 | AR21: 19.3 | AS21: 19.7 | AT21: 19.7 | AU21: 20.11 | AV21: 18.89 | AW21: 25.19 | AX21: 27.05 | AY21: 23.77 | AZ21: 19.5 | BA21: 19.3 | BB21: 18.89 | BC21: 15.03 | BD21: 15.84 | BE21: 19.09 | BF21: 19.7 | BG21: 18.48 | BH21: 21.73 | BI21: 22.14 | BJ21: 29.86 | BK21: 67.11 | BL21: 83.42 | BM21: 95.7 | BN21: 122.08 | BO21: 170.19 | BP21: 182.69 | BQ21: 158.73 | BR21: 44.44 | BS21: 22.34 | BT21: 16.86 | BU21: 16.05 | BV21: 17.27 | BW21: 16.86 | BX21: 17.27 | BY21: 21.95 | BZ21: 21.53 | CA21: 21.73 | CB21: 20.52 | CC21: 18.28 | CD21: 18.48 | CE21: 17.08 | CF21: 19.5 | CG21: 20.31 | CH21: 23.17 | CI21: 19.5 | CJ21: 18.89 | CK21: 17.27 | CL21: 17.27 | CM21: 19.5 | CN21: 19.91 | CO21: 19.09 | CP21: 25.19 | CQ21: 30.7 | CR21: 27.42 | CS21: 22.95 | CT21: 17.27 | CU21: 16.05 | CV21: 19.7 | CW21: 20.31 | CX21: 17.27 | CY21: 16.86 | CZ21: 15.84 | DA21: 15.23 | DB21: 15.64 | DC21: 16.05 | DD21: 15.64 | DE21: 16.45 | DF21: 17.06 | DG21: 15.84 | DH21: 17.06 | DI21: 20.92 | DJ21: 23.56 | DK21: 19.3 | DL21: 19.91 | DM21: 20.92 | DN21: 18.28 | DO21: 17.27 | DP21: 18.48 | DQ21: 19.09 | DR21: 18.69 | DS21: 19.7 | DT21: 20.92 | DU21: 19.09 | DV21: 18.08 | DW21: 17.67 | DX21: 17.47 | DY21: 17.81
A22: 5 | B22: 18.42 | C22: 21.33 | D22: 19.7 | E22: 20.11 | F22: 19.09 | G22: 16.45 | H22: 16.25 | I22: 15.44 | J22: 19.7 | K22: 55.8 | L22: 156.61 | M22: 155.81 | N22: 39.94 | O22: 22.95 | P22: 18.08 | Q22: 18.69 | R22: 20.31 | S22: 24.17 | T22: 23.56 | U22: 29.05 | V22: 27.62 | W22: 26.81 | X22: 19.91 | Y22: 17.88 | Z22: 18.48 | AA22: 16.86 | AB22: 17.88 | AC22: 19.91 | AD22: 18.89 | AE22: 19.09 | AF22: 19.3 | AG22: 19.7 | AH22: 18.48 | AI22: 20.31 | AJ22: 18.69 | AK22: 20.72 | AL22: 22.75 | AM22: 21.94 | AN22: 21.53 | AO22: 20.92 | AP22: 18.89 | AQ22: 21.12 | AR22: 21.94 | AS22: 20.31 | AT22: 21.12 | AU22: 16.45 | AV22: 19.5 | AW22: 21.94 | AX22: 21.94 | AY22: 21.12 | AZ22: 20.92 | BA22: 19.11 | BB22: 15.23 | BC22: 16.45 | BD22: 19.7 | BE22: 17.27 | BF22: 17.06 | BG22: 19.3 | BH22: 18.89 | BI22: 26.41 | BJ22: 60.89 | BK22: 73.06 | BL22: 78.44 | BM22: 130.12 | BN22: 168.53 | BO22: 177.34 | BP22: 189.33 | BQ22: 89.91 | BR22: 24.58 | BS22: 17.27 | BT22: 18.48 | BU22: 19.5 | BV22: 17.06 | BW22: 17.06 | BX22: 19.09 | BY22: 18.08 | BZ22: 22.34 | CA22: 20.72 | CB22: 22.75 | CC22: 19.5 | CD22: 18.69 | CE22: 19.5 | CF22: 19.09 | CG22: 18.89 | CH22: 18.89 | CI22: 18.69 | CJ22: 19.3 | CK22: 18.89 | CL22: 17.88 | CM22: 17.88 | CN22: 17.67 | CO22: 24.17 | CP22: 25.19 | CQ22: 29.05 | CR22: 23.16 | CS22: 15.64 | CT22: 17.47 | CU22: 16.05 | CV22: 17.67 | CW22: 19.3 | CX22: 17.88 | CY22: 15.03 | CZ22: 14.83 | DA22: 15.23 | DB22: 16.25 | DC22: 14.42 | DD22: 19.91 | DE22: 19.09 | DF22: 17.47 | DG22: 19.09 | DH22: 20.92 | DI22: 21.73 | DJ22: 21.12 | DK22: 18.28 | DL22: 21.73 | DM22: 20.92 | DN22: 18.89 | DO22: 17.47 | DP22: 18.48 | DQ22: 19.5 | DR22: 19.5 | DS22: 20.52 | DT22: 22.55 | DU22: 31.7 | DV22: 32.75 | DW22: 35.17 | DX22: 31.7 | DY22: 26.12
B23: 20.84 | C23: 21.73 | D23: 20.72 | E23: 20.92 | F23: 18.48 | G23: 18.08 | H23: 17.27 | I23: 15.84 | J23: 20.92 | K23: 118.5 | L23: 196.23 | M23: 206.78 | N23: 102.83 | O23: 23.78 | P23: 19.09 | Q23: 21.33 | R23: 20.92 | S23: 24.98 | T23: 25.59 | U23: 30.27 | V23: 29.45 | W23: 26 | X23: 24.78 | Y23: 21.73 | Z23: 17.88 | AA23: 16.45 | AB23: 18.89 | AC23: 21.33 | AD23: 22.14 | AE23: 22.55 | AF23: 21.53 | AG23: 18.89 | AH23: 22.55 | AI23: 24.8 | AJ23: 19.3 | AK23: 18.28 | AL23: 19.3 | AM23: 18.48 | AN23: 21.73 | AO23: 21.12 | AP23: 21.12 | AQ23: 23.56 | AR23: 19.09 | AS23: 21.33 | AT23: 20.11 | AU23: 17.06 | AV23: 20.11 | AW23: 20.11 | AX23: 19.09 | AY23: 19.5 | AZ23: 19.5 | BA23: 17.67 | BB23: 17.88 | BC23: 19.7 | BD23: 18.69 | BE23: 17.67 | BF23: 19.91 | BG23: 19.5 | BH23: 23.56 | BI23: 49.73 | BJ23: 77.42 | BK23: 77.61 | BL23: 117.41 | BM23: 171.48 | BN23: 176.55 | BO23: 158.88 | BP23: 133.02 | BQ23: 38.22 | BR23: 21.94 | BS23: 17.06 | BT23: 15.84 | BU23: 20.33 | BV23: 18.28 | BW23: 19.09 | BX23: 20.11 | BY23: 21.94 | BZ23: 21.73 | CA23: 21.12 | CB23: 20.52 | CC23: 18.69 | CD23: 17.47 | CE23: 19.7 | CF23: 19.3 | CG23: 18.69 | CH23: 18.89 | CI23: 16.66 | CJ23: 19.3 | CK23: 18.69 | CL23: 19.3 | CM23: 22.14 | CN23: 21.53 | CO23: 26.2 | CP23: 25.19 | CQ23: 25.19 | CR23: 18.69 | CS23: 19.3 | CT23: 16.86 | CU23: 17.06 | CV23: 20.31 | CW23: 19.7 | CX23: 18.08 | CY23: 15.84 | CZ23: 15.64 | DA23: 17.27 | DB23: 16.45 | DC23: 16.05 | DD23: 16.86 | DE23: 21.53 | DF23: 19.3 | DG23: 18.89 | DH23: 19.5 | DI23: 19.3 | DJ23: 19.09 | DK23: 18.48 | DL23: 18.69 | DM23: 19.7 | DN23: 20.72 | DO23: 17.67 | DP23: 18.48 | DQ23: 18.28 | DR23: 24.58 | DS23: 36.88 | DT23: 51.53 | DU23: 57.84 | DV23: 58.72 | DW23: 57.5 | DX23: 54.98 | DY23: 52.42
B24: 20.05 | C24: 19.5 | D24: 21.12 | E24: 21.14 | F24: 19.7 | G24: 17.67 | H24: 15.64 | I24: 16.66 | J24: 19.3 | K24: 93.03 | L24: 230.69 | M24: 157.14 | N24: 162.7 | O24: 35.17 | P24: 21.33 | Q24: 24.58 | R24: 23.97 | S24: 24.38 | T24: 27.62 | U24: 26.81 | V24: 27.83 | W24: 27.62 | X24: 28.03 | Y24: 27.83 | Z24: 21.53 | AA24: 22.75 | AB24: 24.58 | AC24: 27.62 | AD24: 25.39 | AE24: 20.72 | AF24: 18.89 | AG24: 20.31 | AH24: 21.94 | AI24: 21.94 | AJ24: 22.75 | AK24: 17.67 | AL24: 18.28 | AM24: 20.11 | AN24: 20.31 | AO24: 24.58 | AP24: 27.42 | AQ24: 22.34 | AR24: 18.48 | AS24: 21.73 | AT24: 20.92 | AU24: 18.28 | AV24: 23.97 | AW24: 24.17 | AX24: 19.3 | AY24: 22.14 | AZ24: 21.53 | BA24: 19.3 | BB24: 20.11 | BC24: 20.52 | BD24: 18.89 | BE24: 17.67 | BF24: 17.88 | BG24: 23.36 | BH24: 45.22 | BI24: 83.64 | BJ24: 83.03 | BK24: 99.53 | BL24: 141.89 | BM24: 166.5 | BN24: 199.34 | BO24: 148.33 | BP24: 57.03 | BQ24: 22.14 | BR24: 20.92 | BS24: 16.25 | BT24: 17.47 | BU24: 16.66 | BV24: 17.27 | BW24: 19.7 | BX24: 19.3 | BY24: 20.11 | BZ24: 20.52 | CA24: 22.95 | CB24: 21.53 | CC24: 19.3 | CD24: 18.89 | CE24: 18.08 | CF24: 21.34 | CG24: 19.3 | CH24: 18.69 | CI24: 18.89 | CJ24: 18.89 | CK24: 20.52 | CL24: 23.36 | CM24: 25.8 | CN24: 27.02 | CO24: 26 | CP24: 25.39 | CQ24: 23.36 | CR24: 19.5 | CS24: 20.72 | CT24: 21.53 | CU24: 18.08 | CV24: 17.06 | CW24: 19.5 | CX24: 17.27 | CY24: 18.69 | CZ24: 17.88 | DA24: 17.27 | DB24: 17.47 | DC24: 20.11 | DD24: 19.7 | DE24: 17.67 | DF24: 20.31 | DG24: 19.5 | DH24: 20.52 | DI24: 18.69 | DJ24: 21.12 | DK24: 19.09 | DL24: 19.5 | DM24: 21.33 | DN24: 20.11 | DO24: 17.67 | DP24: 17.67 | DQ24: 20.92 | DR24: 29.86 | DS24: 64.95 | DT24: 71.81 | DU24: 67.2 | DV24: 48.69 | DW24: 39.44 | DX24: 31.69 | DY24: 29.77
B25: 19.44 | C25: 22.14 | D25: 22.14 | E25: 21.33 | F25: 20.52 | G25: 17.27 | H25: 15.23 | I25: 16.66 | J25: 17.06 | K25: 46.56 | L25: 223.17 | M25: 163.86 | N25: 156.84 | O25: 87.31 | P25: 26.44 | Q25: 22.95 | R25: 23.77 | S25: 29.45 | T25: 29.27 | U25: 28.64 | V25: 28.23 | W25: 25.59 | X25: 25.8 | Y25: 27.22 | Z25: 25.59 | AA25: 22.34 | AB25: 25.19 | AC25: 27.42 | AD25: 20.52 | AE25: 21.94 | AF25: 22.75 | AG25: 19.3 | AH25: 19.09 | AI25: 19.3 | AJ25: 19.7 | AK25: 18.89 | AL25: 19.09 | AM25: 20.72 | AN25: 20.72 | AO25: 24.38 | AP25: 26.81 | AQ25: 26.2 | AR25: 21.53 | AS25: 21.53 | AT25: 20.52 | AU25: 19.91 | AV25: 20.31 | AW25: 23.97 | AX25: 22.95 | AY25: 27.67 | AZ25: 21.33 | BA25: 21.73 | BB25: 20.92 | BC25: 20.92 | BD25: 20.11 | BE25: 20.11 | BF25: 23.56 | BG25: 45.02 | BH25: 84.69 | BI25: 88.47 | BJ25: 92.22 | BK25: 119.08 | BL25: 135.95 | BM25: 159.81 | BN25: 142.5 | BO25: 92.62 | BP25: 27.84 | BQ25: 21.73 | BR25: 18.89 | BS25: 17.27 | BT25: 19.3 | BU25: 16.66 | BV25: 18.08 | BW25: 21.33 | BX25: 20.72 | BY25: 19.7 | BZ25: 21.12 | CA25: 19.5 | CB25: 18.69 | CC25: 17.06 | CD25: 16.86 | CE25: 19.91 | CF25: 20.31 | CG25: 18.89 | CH25: 18.69 | CI25: 21.94 | CJ25: 21.33 | CK25: 23.16 | CL25: 23.56 | CM25: 26 | CN25: 27.03 | CO25: 26.61 | CP25: 25.39 | CQ25: 20.31 | CR25: 18.28 | CS25: 20.52 | CT25: 20.31 | CU25: 20.11 | CV25: 20.31 | CW25: 20.11 | CX25: 20.52 | CY25: 20.31 | CZ25: 20.52 | DA25: 19.3 | DB25: 21.73 | DC25: 22.14 | DD25: 20.52 | DE25: 19.5 | DF25: 19.91 | DG25: 21.12 | DH25: 19.09 | DI25: 19.09 | DJ25: 20.11 | DK25: 22.95 | DL25: 21.33 | DM25: 19.3 | DN25: 21.12 | DO25: 18.48 | DP25: 19.3 | DQ25: 18.28 | DR25: 31.33 | DS25: 70.72 | DT25: 68.73 | DU25: 37.66 | DV25: 23.77 | DW25: 22.14 | DX25: 20.72 | DY25: 19.44
A26: 6 | B26: 20.25 | C26: 20.11 | D26: 23.16 | E26: 21.94 | F26: 20.52 | G26: 17.06 | H26: 15.84 | I26: 16.45 | J26: 17.27 | K26: 34.38 | L26: 180.12 | M26: 193.41 | N26: 126.19 | O26: 182.23 | P26: 72.58 | Q26: 33.55 | R26: 24.38 | S26: 22.34 | T26: 24.38 | U26: 26.81 | V26: 23.16 | W26: 23.16 | X26: 24.98 | Y26: 23.97 | Z26: 24.17 | AA26: 18.89 | AB26: 20.11 | AC26: 21.73 | AD26: 21.33 | AE26: 19.5 | AF26: 19.3 | AG26: 18.89 | AH26: 20.72 | AI26: 19.3 | AJ26: 20.11 | AK26: 16.86 | AL26: 16.05 | AM26: 17.88 | AN26: 18.69 | AO26: 19.91 | AP26: 24.38 | AQ26: 22.55 | AR26: 20.52 | AS26: 23.16 | AT26: 24.58 | AU26: 23.98 | AV26: 24.38 | AW26: 26 | AX26: 22.34 | AY26: 20.92 | AZ26: 24.38 | BA26: 20.11 | BB26: 21.33 | BC26: 20.52 | BD26: 22.95 | BE26: 26 | BF26: 36.17 | BG26: 82.66 | BH26: 89.7 | BI26: 92.8 | BJ26: 118.25 | BK26: 124.95 | BL26: 93.48 | BM26: 116.97 | BN26: 100.31 | BO26: 57.84 | BP26: 27.88 | BQ26: 18.08 | BR26: 17.88 | BS26: 17.27 | BT26: 17.88 | BU26: 18.48 | BV26: 18.69 | BW26: 20.11 | BX26: 21.33 | BY26: 20.31 | BZ26: 20.52 | CA26: 19.5 | CB26: 18.48 | CC26: 18.69 | CD26: 18.28 | CE26: 16.86 | CF26: 20.11 | CG26: 19.7 | CH26: 22.95 | CI26: 22.34 | CJ26: 21.94 | CK26: 20.11 | CL26: 23.77 | CM26: 27.22 | CN26: 26 | CO26: 23.36 | CP26: 19.7 | CQ26: 19.5 | CR26: 17.67 | CS26: 18.28 | CT26: 18.89 | CU26: 21.12 | CV26: 24.58 | CW26: 24.17 | CX26: 20.72 | CY26: 23.77 | CZ26: 21.94 | DA26: 19.5 | DB26: 23.36 | DC26: 18.69 | DD26: 18.69 | DE26: 18.89 | DF26: 19.09 | DG26: 20.92 | DH26: 18.69 | DI26: 19.3 | DJ26: 19.91 | DK26: 18.69 | DL26: 19.7 | DM26: 18.69 | DN26: 18.28 | DO26: 20.72 | DP26: 18.28 | DQ26: 20.52 | DR26: 35.22 | DS26: 67.64 | DT26: 49.12 | DU26: 22.14 | DV26: 19.3 | DW26: 20.72 | DX26: 19.3 | DY26: 20.66
B27: 19.02 | C27: 21.12 | D27: 23.97 | E27: 22.34 | F27: 21.53 | G27: 17.67 | H27: 15.64 | I27: 16.45 | J27: 18.3 | K27: 27.83 | L27: 175.86 | M27: 185.38 | N27: 133.75 | O27: 164.33 | P27: 132.58 | Q27: 66.58 | R27: 25.59 | S27: 21.94 | T27: 24.38 | U27: 21.94 | V27: 20.31 | W27: 21.33 | X27: 22.95 | Y27: 21.73 | Z27: 19.3 | AA27: 19.09 | AB27: 23.97 | AC27: 21.55 | AD27: 18.69 | AE27: 19.5 | AF27: 19.7 | AG27: 19.5 | AH27: 18.69 | AI27: 21.12 | AJ27: 25 | AK27: 19.09 | AL27: 17.06 | AM27: 16.86 | AN27: 19.7 | AO27: 18.89 | AP27: 18.08 | AQ27: 21.94 | AR27: 23.77 | AS27: 19.91 | AT27: 24.38 | AU27: 27.62 | AV27: 24.78 | AW27: 24.17 | AX27: 23.16 | AY27: 25.61 | AZ27: 31.09 | BA27: 29.05 | BB27: 21.33 | BC27: 22.95 | BD27: 27.62 | BE27: 30.67 | BF27: 63.59 | BG27: 81.19 | BH27: 83.47 | BI27: 116.19 | BJ27: 108.45 | BK27: 105.97 | BL27: 94.95 | BM27: 96.12 | BN27: 109.47 | BO27: 36.48 | BP27: 21.33 | BQ27: 19.5 | BR27: 15.84 | BS27: 16.66 | BT27: 19.09 | BU27: 17.47 | BV27: 18.89 | BW27: 19.91 | BX27: 21.33 | BY27: 21.12 | BZ27: 19.3 | CA27: 19.3 | CB27: 16.45 | CC27: 20.11 | CD27: 19.5 | CE27: 20.11 | CF27: 21.53 | CG27: 20.31 | CH27: 22.14 | CI27: 21.33 | CJ27: 20.72 | CK27: 18.89 | CL27: 22.95 | CM27: 29.86 | CN27: 23.56 | CO27: 19.91 | CP27: 16.66 | CQ27: 19.3 | CR27: 19.09 | CS27: 19.3 | CT27: 22.95 | CU27: 20.92 | CV27: 24.98 | CW27: 25.59 | CX27: 25.81 | CY27: 23.77 | CZ27: 22.14 | DA27: 19.91 | DB27: 21.53 | DC27: 20.92 | DD27: 19.09 | DE27: 18.89 | DF27: 18.48 | DG27: 19.09 | DH27: 21.12 | DI27: 20.92 | DJ27: 20.92 | DK27: 18.48 | DL27: 19.09 | DM27: 20.72 | DN27: 19.5 | DO27: 19.7 | DP27: 18.08 | DQ27: 22.95 | DR27: 33.97 | DS27: 66.12 | DT27: 40.75 | DU27: 22.14 | DV27: 22.75 | DW27: 20.31 | DX27: 20.11 | DY27: 19.44
B28: 18.83 | C28: 20.92 | D28: 20.31 | E28: 24.8 | F28: 21.73 | G28: 20.92 | H28: 16.86 | I28: 17.06 | J28: 18.08 | K28: 27.22 | L28: 170.5 | M28: 156.77 | N28: 155.08 | O28: 142.69 | P28: 151.83 | Q28: 41.56 | R28: 24.38 | S28: 22.95 | T28: 21.53 | U28: 22.34 | V28: 23.97 | W28: 22.14 | X28: 23.36 | Y28: 22.36 | Z28: 26.41 | AA28: 25.59 | AB28: 24.61 | AC28: 23.97 | AD28: 22.75 | AE28: 21.53 | AF28: 22.97 | AG28: 21.33 | AH28: 18.48 | AI28: 17.27 | AJ28: 19.5 | AK28: 20.52 | AL28: 19.5 | AM28: 17.27 | AN28: 18.08 | AO28: 17.47 | AP28: 18.28 | AQ28: 19.7 | AR28: 19.09 | AS28: 22.34 | AT28: 24.38 | AU28: 23.16 | AV28: 22.75 | AW28: 21.94 | AX28: 22.55 | AY28: 25.39 | AZ28: 32.52 | BA28: 31.48 | BB28: 27.42 | BC28: 33.12 | BD28: 33.33 | BE28: 51.34 | BF28: 89.88 | BG28: 102.42 | BH28: 106.38 | BI28: 106.16 | BJ28: 91.17 | BK28: 96.59 | BL28: 103.27 | BM28: 90.95 | BN28: 92.2 | BO28: 29.27 | BP28: 17.27 | BQ28: 19.5 | BR28: 16.45 | BS28: 15.03 | BT28: 17.27 | BU28: 16.86 | BV28: 18.89 | BW28: 18.69 | BX28: 17.47 | BY28: 19.3 | BZ28: 19.5 | CA28: 21.73 | CB28: 21.73 | CC28: 24.38 | CD28: 21.33 | CE28: 19.3 | CF28: 20.92 | CG28: 19.91 | CH28: 24.8 | CI28: 19.7 | CJ28: 22.95 | CK28: 21.73 | CL28: 30.06 | CM28: 30.47 | CN28: 21.94 | CO28: 22.14 | CP28: 19.91 | CQ28: 21.94 | CR28: 21.53 | CS28: 21.33 | CT28: 18.28 | CU28: 19.91 | CV28: 22.34 | CW28: 25.8 | CX28: 27.22 | CY28: 32.36 | CZ28: 25.59 | DA28: 22.34 | DB28: 21.12 | DC28: 20.31 | DD28: 20.31 | DE28: 19.7 | DF28: 19.3 | DG28: 15.84 | DH28: 19.7 | DI28: 19.5 | DJ28: 18.28 | DK28: 19.09 | DL28: 18.69 | DM28: 20.92 | DN28: 18.69 | DO28: 21.33 | DP28: 24.38 | DQ28: 31.11 | DR28: 54.31 | DS28: 82 | DT28: 31.5 | DU28: 19.5 | DV28: 22.14 | DW28: 19.7 | DX28: 18.69 | DY28: 20.45
B29: 20.64 | C29: 21.73 | D29: 22.75 | E29: 23.97 | F29: 24.78 | G29: 19.5 | H29: 16.45 | I29: 18.08 | J29: 19.5 | K29: 24.78 | L29: 172.44 | M29: 156.94 | N29: 164.64 | O29: 161.55 | P29: 151.44 | Q29: 29.88 | R29: 21.53 | S29: 21.53 | T29: 21.73 | U29: 22.75 | V29: 22.95 | W29: 22.75 | X29: 21.73 | Y29: 22.14 | Z29: 24.17 | AA29: 22.55 | AB29: 24.17 | AC29: 21.94 | AD29: 21.73 | AE29: 22.34 | AF29: 21.53 | AG29: 21.33 | AH29: 20.31 | AI29: 19.7 | AJ29: 17.47 | AK29: 16.66 | AL29: 18.08 | AM29: 17.67 | AN29: 16.66 | AO29: 18.48 | AP29: 21.73 | AQ29: 19.09 | AR29: 26.62 | AS29: 22.14 | AT29: 23.36 | AU29: 23.97 | AV29: 21.73 | AW29: 27.02 | AX29: 25.19 | AY29: 23.97 | AZ29: 29.86 | BA29: 31.5 | BB29: 35.56 | BC29: 37.61 | BD29: 42.52 | BE29: 73.08 | BF29: 105.48 | BG29: 122.45 | BH29: 87.02 | BI29: 82.2 | BJ29: 78.45 | BK29: 101.62 | BL29: 89.69 | BM29: 95.77 | BN29: 96.58 | BO29: 32.11 | BP29: 17.67 | BQ29: 16.66 | BR29: 18.08 | BS29: 15.44 | BT29: 15.03 | BU29: 17.47 | BV29: 19.5 | BW29: 20.31 | BX29: 18.69 | BY29: 20.72 | BZ29: 20.52 | CA29: 23.16 | CB29: 20.11 | CC29: 23.16 | CD29: 19.91 | CE29: 20.31 | CF29: 22.95 | CG29: 21.53 | CH29: 20.52 | CI29: 19.5 | CJ29: 21.12 | CK29: 24.98 | CL29: 31.08 | CM29: 24.17 | CN29: 24.17 | CO29: 21.53 | CP29: 22.55 | CQ29: 22.34 | CR29: 22.14 | CS29: 21.73 | CT29: 21.33 | CU29: 18.89 | CV29: 19.3 | CW29: 24.17 | CX29: 25.8 | CY29: 25.59 | CZ29: 21.73 | DA29: 19.5 | DB29: 18.48 | DC29: 18.89 | DD29: 19.7 | DE29: 17.67 | DF29: 19.7 | DG29: 17.47 | DH29: 17.47 | DI29: 19.09 | DJ29: 19.7 | DK29: 19.5 | DL29: 20.31 | DM29: 20.52 | DN29: 23.17 | DO29: 28.05 | DP29: 49.89 | DQ29: 55.05 | DR29: 56.67 | DS29: 52.66 | DT29: 23.97 | DU29: 19.91 | DV29: 17.47 | DW29: 19.09 | DX29: 24.39 | DY29: 24.48
A30: 7 | B30: 21.06 | C30: 18.08 | D30: 21.12 | E30: 23.97 | F30: 23.36 | G30: 23.56 | H30: 19.3 | I30: 19.52 | J30: 16.45 | K30: 21.94 | L30: 122.98 | M30: 141.59 | N30: 162.88 | O30: 197.23 | P30: 155.34 | Q30: 27.62 | R30: 19.7 | S30: 19.5 | T30: 18.08 | U30: 19.5 | V30: 22.95 | W30: 19.7 | X30: 22.14 | Y30: 21.94 | Z30: 19.3 | AA30: 19.5 | AB30: 21.75 | AC30: 21.33 | AD30: 20.92 | AE30: 21.73 | AF30: 21.53 | AG30: 24.17 | AH30: 22.55 | AI30: 22.75 | AJ30: 21.33 | AK30: 18.89 | AL30: 21.12 | AM30: 20.31 | AN30: 18.08 | AO30: 19.91 | AP30: 20.11 | AQ30: 22.75 | AR30: 21.53 | AS30: 23.77 | AT30: 25.39 | AU30: 25.19 | AV30: 28.03 | AW30: 26.2 | AX30: 27.02 | AY30: 29.25 | AZ30: 32.72 | BA30: 35.56 | BB30: 39.2 | BC30: 44.11 | BD30: 73.27 | BE30: 112 | BF30: 106.59 | BG30: 86.83 | BH30: 75.3 | BI30: 75.53 | BJ30: 99.95 | BK30: 101.19 | BL30: 90.3 | BM30: 101.19 | BN30: 113.67 | BO30: 36.88 | BP30: 17.88 | BQ30: 17.27 | BR30: 16.66 | BS30: 16.05 | BT30: 15.23 | BU30: 19.3 | BV30: 20.31 | BW30: 22.55 | BX30: 23.56 | BY30: 22.75 | BZ30: 24.38 | CA30: 26.2 | CB30: 22.14 | CC30: 19.09 | CD30: 20.31 | CE30: 21.53 | CF30: 18.08 | CG30: 22.77 | CH30: 20.92 | CI30: 21.33 | CJ30: 19.91 | CK30: 23.77 | CL30: 27.02 | CM30: 22.75 | CN30: 20.11 | CO30: 20.72 | CP30: 22.16 | CQ30: 28.48 | CR30: 22.55 | CS30: 20.52 | CT30: 21.73 | CU30: 21.53 | CV30: 23.97 | CW30: 22.95 | CX30: 26.41 | CY30: 23.16 | CZ30: 19.09 | DA30: 21.12 | DB30: 21.53 | DC30: 18.48 | DD30: 21.33 | DE30: 20.92 | DF30: 18.69 | DG30: 18.69 | DH30: 18.08 | DI30: 17.47 | DJ30: 17.47 | DK30: 21.94 | DL30: 17.88 | DM30: 21.94 | DN30: 34.16 | DO30: 41.06 | DP30: 50.03 | DQ30: 46.59 | DR30: 47.77 | DS30: 27.22 | DT30: 23.16 | DU30: 19.7 | DV30: 16.66 | DW30: 17.67 | DX30: 42.38 | DY30: 25.34
B31: 21.45 | C31: 22.75 | D31: 23.16 | E31: 26.81 | F31: 26.61 | G31: 27.22 | H31: 22.55 | I31: 18.48 | J31: 19.91 | K31: 21.94 | L31: 62.09 | M31: 148.44 | N31: 162.64 | O31: 183.39 | P31: 154.78 | Q31: 24.98 | R31: 21.53 | S31: 21.33 | T31: 17.47 | U31: 17.06 | V31: 15.84 | W31: 17.27 | X31: 20.73 | Y31: 18.69 | Z31: 19.7 | AA31: 16.25 | AB31: 16.05 | AC31: 18.08 | AD31: 16.86 | AE31: 19.09 | AF31: 19.3 | AG31: 21.73 | AH31: 21.33 | AI31: 21.53 | AJ31: 23.36 | AK31: 23.36 | AL31: 30.3 | AM31: 19.91 | AN31: 19.3 | AO31: 19.7 | AP31: 21.12 | AQ31: 20.72 | AR31: 21.33 | AS31: 22.75 | AT31: 24.78 | AU31: 25.8 | AV31: 26.81 | AW31: 32.7 | AX31: 39.25 | AY31: 56.95 | AZ31: 66.5 | BA31: 72.25 | BB31: 84.77 | BC31: 103.42 | BD31: 134.86 | BE31: 114.3 | BF31: 93.88 | BG31: 89.69 | BH31: 84.06 | BI31: 76.11 | BJ31: 81.19 | BK31: 96.8 | BL31: 86.03 | BM31: 76.36 | BN31: 80.56 | BO31: 38.67 | BP31: 19.3 | BQ31: 18.89 | BR31: 19.5 | BS31: 15.44 | BT31: 16.66 | BU31: 17.67 | BV31: 19.09 | BW31: 21.33 | BX31: 21.73 | BY31: 20.92 | BZ31: 21.53 | CA31: 22.95 | CB31: 21.94 | CC31: 20.72 | CD31: 21.12 | CE31: 21.33 | CF31: 22.14 | CG31: 22.95 | CH31: 20.31 | CI31: 20.52 | CJ31: 22.14 | CK31: 25.39 | CL31: 24.58 | CM31: 20.11 | CN31: 20.72 | CO31: 21.12 | CP31: 24.98 | CQ31: 27.44 | CR31: 26.62 | CS31: 21.94 | CT31: 23.97 | CU31: 24.58 | CV31: 23.97 | CW31: 23.36 | CX31: 22.95 | CY31: 21.12 | CZ31: 19.7 | DA31: 17.88 | DB31: 18.69 | DC31: 20.72 | DD31: 20.11 | DE31: 18.69 | DF31: 21.73 | DG31: 18.69 | DH31: 19.31 | DI31: 19.5 | DJ31: 19.91 | DK31: 18.69 | DL31: 20.52 | DM31: 33.72 | DN31: 44.75 | DO31: 42.28 | DP31: 38.61 | DQ31: 44.77 | DR31: 32.11 | DS31: 20.52 | DT31: 19.91 | DU31: 19.5 | DV31: 17.88 | DW31: 18.89 | DX31: 28.89 | DY31: 21.45
B32: 23.3 | C32: 53.2 | D32: 85.09 | E32: 54.95 | F32: 48.53 | G32: 67.78 | H32: 70.5 | I32: 53.05 | J32: 24.38 | K32: 24.78 | L32: 54.53 | M32: 156.16 | N32: 178.41 | O32: 195.19 | P32: 126.95 | Q32: 22.55 | R32: 22.34 | S32: 18.69 | T32: 18.28 | U32: 17.67 | V32: 18.28 | W32: 17.27 | X32: 18.08 | Y32: 16.45 | Z32: 19.7 | AA32: 17.27 | AB32: 17.27 | AC32: 18.89 | AD32: 17.88 | AE32: 16.66 | AF32: 16.86 | AG32: 17.27 | AH32: 18.69 | AI32: 19.7 | AJ32: 24.17 | AK32: 31.14 | AL32: 29.11 | AM32: 23.16 | AN32: 21.73 | AO32: 24.78 | AP32: 23.36 | AQ32: 21.73 | AR32: 24.17 | AS32: 23.77 | AT32: 29.25 | AU32: 30.67 | AV32: 44.78 | AW32: 70.81 | AX32: 91.61 | AY32: 126.62 | AZ32: 148.72 | BA32: 166.45 | BB32: 174.48 | BC32: 148.02 | BD32: 108.02 | BE32: 110.11 | BF32: 109.31 | BG32: 83.28 | BH32: 85.48 | BI32: 90.52 | BJ32: 72.09 | BK32: 80.47 | BL32: 100.97 | BM32: 92.19 | BN32: 76.39 | BO32: 40.73 | BP32: 19.7 | BQ32: 17.67 | BR32: 18.48 | BS32: 16.86 | BT32: 18.28 | BU32: 18.09 | BV32: 18.08 | BW32: 17.88 | BX32: 21.12 | BY32: 17.88 | BZ32: 21.94 | CA32: 21.94 | CB32: 21.73 | CC32: 20.72 | CD32: 24.58 | CE32: 22.34 | CF32: 19.7 | CG32: 19.7 | CH32: 21.12 | CI32: 21.33 | CJ32: 23.97 | CK32: 21.94 | CL32: 23.16 | CM32: 19.5 | CN32: 20.11 | CO32: 23.36 | CP32: 24.38 | CQ32: 21.33 | CR32: 21.94 | CS32: 22.55 | CT32: 23.56 | CU32: 23.77 | CV32: 20.72 | CW32: 24.17 | CX32: 19.09 | CY32: 17.88 | CZ32: 19.7 | DA32: 18.89 | DB32: 19.7 | DC32: 18.28 | DD32: 17.47 | DE32: 20.52 | DF32: 18.28 | DG32: 19.5 | DH32: 18.89 | DI32: 17.88 | DJ32: 19.7 | DK32: 19.91 | DL32: 32.72 | DM32: 49.64 | DN32: 46.42 | DO32: 41.06 | DP32: 39.23 | DQ32: 34.58 | DR32: 20.31 | DS32: 17.47 | DT32: 17.67 | DU32: 17.88 | DV32: 17.06 | DW32: 18.69 | DX32: 20.11 | DY32: 19.23
B33: 24.52 | C33: 112.45 | D33: 210.22 | E33: 220.47 | F33: 200.8 | G33: 158.2 | H33: 137.06 | I33: 133.86 | J33: 97.97 | K33: 29.45 | L33: 51.39 | M33: 123.03 | N33: 178.81 | O33: 207.16 | P33: 115.59 | Q33: 26.81 | R33: 21.53 | S33: 20.31 | T33: 18.69 | U33: 17.67 | V33: 17.06 | W33: 16.05 | X33: 18.48 | Y33: 18.89 | Z33: 20.31 | AA33: 21.33 | AB33: 20.31 | AC33: 17.67 | AD33: 16.86 | AE33: 16.86 | AF33: 21.94 | AG33: 16.86 | AH33: 16.66 | AI33: 15.84 | AJ33: 16.66 | AK33: 22.14 | AL33: 25.59 | AM33: 22.34 | AN33: 21.94 | AO33: 26.84 | AP33: 27.83 | AQ33: 24.98 | AR33: 27.42 | AS33: 31.3 | AT33: 53.52 | AU33: 80.33 | AV33: 102.16 | AW33: 120.58 | AX33: 131.62 | AY33: 150.94 | AZ33: 163.5 | BA33: 170.55 | BB33: 146.41 | BC33: 120.94 | BD33: 124.5 | BE33: 133.28 | BF33: 106.33 | BG33: 97.83 | BH33: 96.16 | BI33: 97.22 | BJ33: 94.92 | BK33: 89.06 | BL33: 113.86 | BM33: 109.11 | BN33: 103.38 | BO33: 65.98 | BP33: 18.89 | BQ33: 19.3 | BR33: 16.66 | BS33: 17.47 | BT33: 16.66 | BU33: 16.86 | BV33: 18.48 | BW33: 18.89 | BX33: 17.88 | BY33: 18.08 | BZ33: 20.52 | CA33: 20.11 | CB33: 21.53 | CC33: 23.58 | CD33: 25.39 | CE33: 25.39 | CF33: 22.14 | CG33: 20.92 | CH33: 22.14 | CI33: 24.78 | CJ33: 22.55 | CK33: 22.95 | CL33: 25.39 | CM33: 19.09 | CN33: 21.12 | CO33: 24.17 | CP33: 21.73 | CQ33: 19.91 | CR33: 19.09 | CS33: 19.09 | CT33: 20.72 | CU33: 21.73 | CV33: 21.94 | CW33: 20.72 | CX33: 19.3 | CY33: 18.48 | CZ33: 15.84 | DA33: 17.47 | DB33: 17.47 | DC33: 20.72 | DD33: 20.11 | DE33: 18.28 | DF33: 18.89 | DG33: 16.45 | DH33: 17.47 | DI33: 17.06 | DJ33: 19.09 | DK33: 25.2 | DL33: 45.61 | DM33: 41.48 | DN33: 44.7 | DO33: 49.25 | DP33: 53.27 | DQ33: 23.77 | DR33: 18.89 | DS33: 16.25 | DT33: 15.64 | DU33: 15.64 | DV33: 15.23 | DW33: 16.05 | DX33: 20.92 | DY33: 16.59
A34: 8 | B34: 18.22 | C34: 32.8 | D34: 80.17 | E34: 182.36 | F34: 237.33 | G34: 244.73 | H34: 224.3 | I34: 164.8 | J34: 198.61 | K34: 120.81 | L34: 58.42 | M34: 103.69 | N34: 186.34 | O34: 204.05 | P34: 113.39 | Q34: 22.75 | R34: 18.69 | S34: 18.69 | T34: 17.06 | U34: 16.25 | V34: 17.67 | W34: 18.08 | X34: 15.23 | Y34: 19.09 | Z34: 21.53 | AA34: 18.08 | AB34: 22.14 | AC34: 18.89 | AD34: 17.88 | AE34: 15.84 | AF34: 16.05 | AG34: 15.23 | AH34: 15.84 | AI34: 17.06 | AJ34: 17.67 | AK34: 16.05 | AL34: 19.09 | AM34: 21.94 | AN34: 21.53 | AO34: 26 | AP34: 30.69 | AQ34: 41.75 | AR34: 58.69 | AS34: 80.77 | AT34: 104.92 | AU34: 143.67 | AV34: 146.19 | AW34: 127.02 | AX34: 120.77 | AY34: 94.92 | AZ34: 114.52 | BA34: 114.45 | BB34: 113.92 | BC34: 113.06 | BD34: 103.62 | BE34: 127.84 | BF34: 119.48 | BG34: 93.45 | BH34: 80.25 | BI34: 71.38 | BJ34: 110.77 | BK34: 104.75 | BL34: 100.98 | BM34: 116.58 | BN34: 107.81 | BO34: 96.02 | BP34: 27.66 | BQ34: 19.7 | BR34: 17.88 | BS34: 17.06 | BT34: 18.28 | BU34: 18.69 | BV34: 18.69 | BW34: 17.06 | BX34: 19.09 | BY34: 18.69 | BZ34: 20.92 | CA34: 21.33 | CB34: 20.92 | CC34: 21.12 | CD34: 23.97 | CE34: 24.17 | CF34: 20.52 | CG34: 21.33 | CH34: 21.33 | CI34: 26 | CJ34: 23.97 | CK34: 24.78 | CL34: 24.58 | CM34: 22.34 | CN34: 19.5 | CO34: 23.77 | CP34: 19.7 | CQ34: 19.3 | CR34: 20.11 | CS34: 21.12 | CT34: 29.25 | CU34: 52.8 | CV34: 36.03 | CW34: 24.58 | CX34: 18.89 | CY34: 19.5 | CZ34: 19.7 | DA34: 17.67 | DB34: 17.88 | DC34: 19.3 | DD34: 16.25 | DE34: 17.27 | DF34: 16.25 | DG34: 17.67 | DH34: 17.88 | DI34: 21.33 | DJ34: 20.52 | DK34: 43.38 | DL34: 41.86 | DM34: 42.7 | DN34: 53.03 | DO34: 57.5 | DP34: 30.73 | DQ34: 20.31 | DR34: 17.06 | DS34: 17.47 | DT34: 17.27 | DU34: 16.66 | DV34: 17.89 | DW34: 20.52 | DX34: 18.48 | DY34: 20.23
B35: 21.05 | C35: 24.17 | D35: 26.62 | E35: 84.7 | F35: 178.48 | G35: 197.34 | H35: 239.14 | I35: 232.09 | J35: 214.16 | K35: 217.84 | L35: 174.14 | M35: 162.22 | N35: 193.16 | O35: 208.09 | P35: 77.16 | Q35: 23.97 | R35: 21.12 | S35: 19.3 | T35: 19.91 | U35: 17.67 | V35: 17.67 | W35: 18.48 | X35: 16.66 | Y35: 16.86 | Z35: 17.27 | AA35: 18.48 | AB35: 19.3 | AC35: 21.12 | AD35: 19.91 | AE35: 19.09 | AF35: 16.66 | AG35: 16.47 | AH35: 15.64 | AI35: 17.47 | AJ35: 18.28 | AK35: 18.89 | AL35: 20.52 | AM35: 24.17 | AN35: 35.58 | AO35: 59.11 | AP35: 75.12 | AQ35: 95.77 | AR35: 115.52 | AS35: 130.06 | AT35: 128.91 | AU35: 134.92 | AV35: 124.53 | AW35: 119.53 | AX35: 98.41 | AY35: 92.84 | AZ35: 100.06 | BA35: 107.91 | BB35: 121.8 | BC35: 107.59 | BD35: 99.91 | BE35: 92 | BF35: 108.06 | BG35: 98.73 | BH35: 67.39 | BI35: 74.89 | BJ35: 93.88 | BK35: 113.31 | BL35: 91.77 | BM35: 100.12 | BN35: 127.16 | BO35: 111.8 | BP35: 66.12 | BQ35: 26 | BR35: 18.69 | BS35: 17.47 | BT35: 17.67 | BU35: 16.86 | BV35: 19.3 | BW35: 18.48 | BX35: 20.92 | BY35: 22.14 | BZ35: 19.09 | CA35: 18.69 | CB35: 16.66 | CC35: 20.11 | CD35: 19.91 | CE35: 18.69 | CF35: 21.33 | CG35: 24.17 | CH35: 23.97 | CI35: 24.58 | CJ35: 21.33 | CK35: 28.64 | CL35: 26 | CM35: 22.55 | CN35: 20.52 | CO35: 20.72 | CP35: 20.72 | CQ35: 23.36 | CR35: 28.05 | CS35: 72.73 | CT35: 137.12 | CU35: 150.83 | CV35: 136.73 | CW35: 55.38 | CX35: 38.27 | CY35: 43.48 | CZ35: 25.8 | DA35: 25.39 | DB35: 22.75 | DC35: 19.5 | DD35: 16.86 | DE35: 18.69 | DF35: 17.67 | DG35: 17.88 | DH35: 20.31 | DI35: 20.31 | DJ35: 30.7 | DK35: 49.91 | DL35: 44.11 | DM35: 55.03 | DN35: 56.62 | DO35: 32.12 | DP35: 19.7 | DQ35: 20.72 | DR35: 21.33 | DS35: 17.88 | DT35: 18.48 | DU35: 17.06 | DV35: 19.09 | DW35: 20.92 | DX35: 18.08 | DY35: 24.52
B36: 20.25 | C36: 20.75 | D36: 20.11 | E36: 23.77 | F36: 81.8 | G36: 217.45 | H36: 220.03 | I36: 241.89 | J36: 202.34 | K36: 171.38 | L36: 172.81 | M36: 203.77 | N36: 234.05 | O36: 152.59 | P36: 45.27 | Q36: 28.03 | R36: 26 | S36: 24.98 | T36: 23.56 | U36: 19.09 | V36: 21.94 | W36: 18.89 | X36: 18.09 | Y36: 18.28 | Z36: 18.28 | AA36: 18.28 | AB36: 19.91 | AC36: 22.14 | AD36: 17.67 | AE36: 20.52 | AF36: 16.45 | AG36: 19.09 | AH36: 18.28 | AI36: 20.72 | AJ36: 23.97 | AK36: 35.84 | AL36: 58.34 | AM36: 80.45 | AN36: 109.94 | AO36: 129.31 | AP36: 141.25 | AQ36: 136.02 | AR36: 130.72 | AS36: 132.03 | AT36: 124.14 | AU36: 87.88 | AV36: 84.89 | AW36: 97.41 | AX36: 109.89 | AY36: 90.98 | AZ36: 94.84 | BA36: 115.55 | BB36: 103.86 | BC36: 94.72 | BD36: 87.62 | BE36: 78.25 | BF36: 108.83 | BG36: 119.11 | BH36: 93.22 | BI36: 79.89 | BJ36: 111.39 | BK36: 117.41 | BL36: 100.28 | BM36: 94.64 | BN36: 125.38 | BO36: 114.66 | BP36: 106.08 | BQ36: 85.19 | BR36: 37.06 | BS36: 21.33 | BT36: 21.94 | BU36: 19.7 | BV36: 19.91 | BW36: 24.78 | BX36: 21.94 | BY36: 24.17 | BZ36: 24.58 | CA36: 21.53 | CB36: 22.34 | CC36: 21.12 | CD36: 25.19 | CE36: 19.09 | CF36: 19.5 | CG36: 21.94 | CH36: 22.55 | CI36: 21.73 | CJ36: 22.14 | CK36: 24.78 | CL36: 26.61 | CM36: 26.41 | CN36: 25.39 | CO36: 25.41 | CP36: 27.62 | CQ36: 50.33 | CR36: 108.48 | CS36: 168.89 | CT36: 142.67 | CU36: 73.69 | CV36: 99.09 | CW36: 191.88 | CX36: 206.5 | CY36: 183.56 | CZ36: 113.83 | DA36: 163.41 | DB36: 120.12 | DC36: 72.94 | DD36: 37.33 | DE36: 22.34 | DF36: 20.72 | DG36: 20.52 | DH36: 23.36 | DI36: 23.97 | DJ36: 49.34 | DK36: 62.69 | DL36: 54.42 | DM36: 56.92 | DN36: 27.03 | DO36: 21.53 | DP36: 19.3 | DQ36: 17.88 | DR36: 20.31 | DS36: 22.14 | DT36: 19.3 | DU36: 20.11 | DV36: 19.3 | DW36: 20.92 | DX36: 17.88 | DY36: 19.44
B37: 19.64 | C37: 18.48 | D37: 18.89 | E37: 19.09 | F37: 28.25 | G37: 129.34 | H37: 220.58 | I37: 230.42 | J37: 221.62 | K37: 208.34 | L37: 205.28 | M37: 224.83 | N37: 207.14 | O37: 131.14 | P37: 100.97 | Q37: 90.3 | R37: 99.53 | S37: 85.48 | T37: 56.03 | U37: 31.89 | V37: 28.64 | W37: 26.81 | X37: 21.94 | Y37: 21.73 | Z37: 19.5 | AA37: 20.11 | AB37: 18.48 | AC37: 20.52 | AD37: 21.73 | AE37: 21.33 | AF37: 20.52 | AG37: 24.78 | AH37: 36.64 | AI37: 55.62 | AJ37: 95.41 | AK37: 111.17 | AL37: 107.47 | AM37: 121.98 | AN37: 142.19 | AO37: 132.81 | AP37: 113.88 | AQ37: 115.58 | AR37: 113.11 | AS37: 107.05 | AT37: 87 | AU37: 74.73 | AV37: 80.11 | AW37: 93.27 | AX37: 98.45 | AY37: 92.81 | AZ37: 77.62 | BA37: 82.62 | BB37: 96.56 | BC37: 83.47 | BD37: 82.23 | BE37: 93.03 | BF37: 110.12 | BG37: 110.09 | BH37: 112.17 | BI37: 120.48 | BJ37: 126.8 | BK37: 102.16 | BL37: 112.41 | BM37: 103.83 | BN37: 92.64 | BO37: 88.41 | BP37: 95.56 | BQ37: 90.97 | BR37: 95.52 | BS37: 88.73 | BT37: 75.88 | BU37: 59.16 | BV37: 48.48 | BW37: 46.58 | BX37: 43.39 | BY37: 44.08 | BZ37: 40.55 | CA37: 37.47 | CB37: 34.83 | CC37: 32.73 | CD37: 31.92 | CE37: 28.88 | CF37: 24.78 | CG37: 26.42 | CH37: 24.98 | CI37: 27.42 | CJ37: 31.3 | CK37: 31.92 | CL37: 41.16 | CM37: 53.83 | CN37: 75.84 | CO37: 107.14 | CP37: 132.42 | CQ37: 141.17 | CR37: 163.17 | CS37: 147.16 | CT37: 44.45 | CU37: 34.41 | CV37: 124.08 | CW37: 170.2 | CX37: 159.38 | CY37: 200.83 | CZ37: 206.33 | DA37: 218.27 | DB37: 188.72 | DC37: 144.91 | DD37: 134.73 | DE37: 63.27 | DF37: 25.39 | DG37: 25.8 | DH37: 27.62 | DI37: 46.73 | DJ37: 91.19 | DK37: 68.11 | DL37: 49.06 | DM37: 27.66 | DN37: 25.39 | DO37: 22.75 | DP37: 19.09 | DQ37: 17.67 | DR37: 19.5 | DS37: 20.72 | DT37: 19.7 | DU37: 19.09 | DV37: 20.11 | DW37: 22.34 | DX37: 19.5 | DY37: 22.28
A38: 9 | B38: 20.05 | C38: 19.91 | D38: 18.28 | E38: 20.31 | F38: 23.16 | G38: 30.91 | H38: 133.25 | I38: 225.06 | J38: 233.62 | K38: 213.64 | L38: 204.94 | M38: 190.38 | N38: 152.11 | O38: 142.81 | P38: 177.72 | Q38: 165.81 | R38: 154.95 | S38: 186.03 | T38: 179.41 | U38: 118.94 | V38: 155.88 | W38: 157.3 | X38: 107.12 | Y38: 86.44 | Z38: 70.47 | AA38: 68.2 | AB38: 77.73 | AC38: 81.66 | AD38: 84.19 | AE38: 84.45 | AF38: 95.52 | AG38: 123.27 | AH38: 145.22 | AI38: 131.42 | AJ38: 115.78 | AK38: 119.97 | AL38: 115.73 | AM38: 123.47 | AN38: 126.3 | AO38: 113 | AP38: 105.81 | AQ38: 84.91 | AR38: 80.98 | AS38: 79.3 | AT38: 78.41 | AU38: 72.17 | AV38: 96.61 | AW38: 79.27 | AX38: 75.75 | AY38: 87.05 | AZ38: 59.16 | BA38: 50.67 | BB38: 78.66 | BC38: 82.39 | BD38: 92.23 | BE38: 101.2 | BF38: 105.16 | BG38: 107.61 | BH38: 129.52 | BI38: 107.39 | BJ38: 95.95 | BK38: 80.55 | BL38: 92 | BM38: 95.09 | BN38: 90.14 | BO38: 97.19 | BP38: 94.55 | BQ38: 95.55 | BR38: 95.73 | BS38: 88.67 | BT38: 108.45 | BU38: 119.12 | BV38: 114.88 | BW38: 117.84 | BX38: 126.16 | BY38: 122.62 | BZ38: 115.72 | CA38: 113.89 | CB38: 122.27 | CC38: 120.75 | CD38: 137.36 | CE38: 138.56 | CF38: 120.36 | CG38: 144.27 | CH38: 142.98 | CI38: 144.22 | CJ38: 155.78 | CK38: 168.05 | CL38: 182.19 | CM38: 194.28 | CN38: 179.05 | CO38: 181.59 | CP38: 180.58 | CQ38: 166.06 | CR38: 118.66 | CS38: 57.11 | CT38: 23.97 | CU38: 19.5 | CV38: 24.98 | CW38: 151.97 | CX38: 65.28 | CY38: 84.03 | CZ38: 127.44 | DA38: 165.59 | DB38: 206.62 | DC38: 184.42 | DD38: 157.61 | DE38: 106.61 | DF38: 70.27 | DG38: 56.44 | DH38: 94.16 | DI38: 128.05 | DJ38: 77.88 | DK38: 34.81 | DL38: 26.81 | DM38: 23.56 | DN38: 20.52 | DO38: 22.75 | DP38: 19.7 | DQ38: 19.7 | DR38: 19.91 | DS38: 19.3 | DT38: 19.5 | DU38: 18.89 | DV38: 18.28 | DW38: 21.53 | DX38: 19.91 | DY38: 19.23
B39: 20.84 | C39: 19.09 | D39: 18.69 | E39: 20.52 | F39: 18.48 | G39: 20.72 | H39: 85 | I39: 246.41 | J39: 246.75 | K39: 213.59 | L39: 175.95 | M39: 151.34 | N39: 161.11 | O39: 158.73 | P39: 151.16 | Q39: 156.22 | R39: 185.97 | S39: 212.94 | T39: 200.75 | U39: 210.92 | V39: 210.38 | W39: 196.27 | X39: 194.95 | Y39: 204.42 | Z39: 193.12 | AA39: 184.58 | AB39: 165.98 | AC39: 167.75 | AD39: 162.06 | AE39: 138.7 | AF39: 119.66 | AG39: 130.12 | AH39: 100.77 | AI39: 103.3 | AJ39: 89.67 | AK39: 88.72 | AL39: 118.52 | AM39: 110.73 | AN39: 95.75 | AO39: 90.61 | AP39: 79.48 | AQ39: 80.47 | AR39: 90.11 | AS39: 94.48 | AT39: 78.52 | AU39: 84.52 | AV39: 92.28 | AW39: 90.55 | AX39: 89.48 | AY39: 81.78 | AZ39: 69.39 | BA39: 48.86 | BB39: 79.11 | BC39: 88.64 | BD39: 92.41 | BE39: 94.53 | BF39: 103.09 | BG39: 117.64 | BH39: 107.92 | BI39: 102.56 | BJ39: 98.41 | BK39: 91.98 | BL39: 90.7 | BM39: 88.06 | BN39: 100.12 | BO39: 113.94 | BP39: 100.17 | BQ39: 101.8 | BR39: 115.58 | BS39: 97.59 | BT39: 115.14 | BU39: 103.67 | BV39: 86.39 | BW39: 88.27 | BX39: 100.53 | BY39: 103.48 | BZ39: 106.77 | CA39: 115.31 | CB39: 121.58 | CC39: 143.06 | CD39: 155.44 | CE39: 172.41 | CF39: 206.05 | CG39: 204.55 | CH39: 195.84 | CI39: 195.89 | CJ39: 166.3 | CK39: 166.17 | CL39: 163.36 | CM39: 167.55 | CN39: 180.47 | CO39: 171.36 | CP39: 166.98 | CQ39: 73.09 | CR39: 27.45 | CS39: 21.33 | CT39: 20.31 | CU39: 18.48 | CV39: 18.89 | CW39: 30.73 | CX39: 21.73 | CY39: 25.39 | CZ39: 27.83 | DA39: 47.58 | DB39: 106 | DC39: 171.36 | DD39: 170.92 | DE39: 124.22 | DF39: 132.19 | DG39: 169.31 | DH39: 172.7 | DI39: 109.34 | DJ39: 40.92 | DK39: 24.58 | DL39: 26 | DM39: 20.92 | DN39: 22.34 | DO39: 20.52 | DP39: 19.3 | DQ39: 18.08 | DR39: 19.3 | DS39: 20.31 | DT39: 18.48 | DU39: 18.89 | DV39: 21.73 | DW39: 20.31 | DX39: 18.08 | DY39: 19.03
B40: 19.03 | C40: 20.31 | D40: 20.31 | E40: 17.67 | F40: 17.27 | G40: 18.08 | H40: 32.75 | I40: 151.08 | J40: 252.89 | K40: 249.22 | L40: 214.06 | M40: 186.94 | N40: 166.78 | O40: 157.44 | P40: 143.69 | Q40: 149.05 | R40: 165.19 | S40: 181.98 | T40: 157.55 | U40: 151.39 | V40: 156.81 | W40: 171.62 | X40: 201.14 | Y40: 188.75 | Z40: 137 | AA40: 116.14 | AB40: 115.55 | AC40: 118.47 | AD40: 104.3 | AE40: 99.95 | AF40: 93.89 | AG40: 87.42 | AH40: 72.98 | AI40: 91.98 | AJ40: 90.34 | AK40: 109.5 | AL40: 112 | AM40: 82.31 | AN40: 81.8 | AO40: 94.48 | AP40: 121.38 | AQ40: 139.31 | AR40: 115.91 | AS40: 87.92 | AT40: 87.17 | AU40: 92.42 | AV40: 88.5 | AW40: 82.83 | AX40: 77.61 | AY40: 63.05 | AZ40: 42.17 | BA40: 38.02 | BB40: 61.23 | BC40: 92.67 | BD40: 89.12 | BE40: 89.28 | BF40: 94.31 | BG40: 101.34 | BH40: 115.73 | BI40: 109.91 | BJ40: 110.16 | BK40: 95.31 | BL40: 86.23 | BM40: 108.05 | BN40: 122.62 | BO40: 118.45 | BP40: 138.28 | BQ40: 120.33 | BR40: 110.56 | BS40: 108.64 | BT40: 105.3 | BU40: 97.8 | BV40: 99.12 | BW40: 101.83 | BX40: 122.98 | BY40: 150.02 | BZ40: 171.94 | CA40: 200.22 | CB40: 223.44 | CC40: 228.23 | CD40: 217.42 | CE40: 207.39 | CF40: 197.2 | CG40: 164.48 | CH40: 152.62 | CI40: 132.25 | CJ40: 121.38 | CK40: 120.56 | CL40: 113.73 | CM40: 92.2 | CN40: 101.36 | CO40: 101.58 | CP40: 58.33 | CQ40: 23.38 | CR40: 20.92 | CS40: 18.08 | CT40: 20.31 | CU40: 30.95 | CV40: 17.67 | CW40: 15.64 | CX40: 16.66 | CY40: 18.89 | CZ40: 15.64 | DA40: 22.36 | DB40: 20.11 | DC40: 42.45 | DD40: 130.2 | DE40: 173.58 | DF40: 186.16 | DG40: 161.59 | DH40: 123.06 | DI40: 89.53 | DJ40: 48.31 | DK40: 26.41 | DL40: 25.59 | DM40: 23.38 | DN40: 21.73 | DO40: 18.69 | DP40: 22.95 | DQ40: 19.7 | DR40: 20.31 | DS40: 21.94 | DT40: 21.94 | DU40: 22.95 | DV40: 19.5 | DW40: 19.3 | DX40: 20.31 | DY40: 20.66
B41: 18 | C41: 19.7 | D41: 18.69 | E41: 17.47 | F41: 19.3 | G41: 16.45 | H41: 18.48 | I41: 28.69 | J41: 131.86 | K41: 254.39 | L41: 236.09 | M41: 212.81 | N41: 190.95 | O41: 164.7 | P41: 160.61 | Q41: 168.95 | R41: 189.28 | S41: 196.3 | T41: 157 | U41: 137.45 | V41: 149.14 | W41: 142.06 | X41: 152.08 | Y41: 170.64 | Z41: 124.88 | AA41: 103.45 | AB41: 88.91 | AC41: 102.41 | AD41: 113.23 | AE41: 92.39 | AF41: 86.16 | AG41: 80.53 | AH41: 95.95 | AI41: 111.36 | AJ41: 145.12 | AK41: 129.66 | AL41: 109.45 | AM41: 126.36 | AN41: 125.95 | AO41: 146.25 | AP41: 143.48 | AQ41: 118.5 | AR41: 98.83 | AS41: 93.72 | AT41: 112.64 | AU41: 94.33 | AV41: 87.42 | AW41: 58.42 | AX41: 33.38 | AY41: 21.12 | AZ41: 22.75 | BA41: 19.91 | BB41: 45.52 | BC41: 60.09 | BD41: 60.11 | BE41: 66.5 | BF41: 73.36 | BG41: 102.42 | BH41: 95.09 | BI41: 103.62 | BJ41: 110.75 | BK41: 95.5 | BL41: 90.98 | BM41: 91.38 | BN41: 95.33 | BO41: 105.33 | BP41: 135.36 | BQ41: 156.06 | BR41: 117.62 | BS41: 103.7 | BT41: 131.95 | BU41: 136.11 | BV41: 122.62 | BW41: 143.25 | BX41: 146.2 | BY41: 165.52 | BZ41: 154.55 | CA41: 117.06 | CB41: 85.25 | CC41: 80.58 | CD41: 96.92 | CE41: 134.77 | CF41: 149.77 | CG41: 156.7 | CH41: 157.67 | CI41: 159.42 | CJ41: 152.81 | CK41: 161.3 | CL41: 145.22 | CM41: 112.64 | CN41: 102.67 | CO41: 56.3 | CP41: 20.31 | CQ41: 18.89 | CR41: 16.66 | CS41: 18.28 | CT41: 18.28 | CU41: 20.52 | CV41: 15.44 | CW41: 17.06 | CX41: 20.53 | CY41: 16.66 | CZ41: 15.03 | DA41: 16.05 | DB41: 15.64 | DC41: 19.7 | DD41: 47.5 | DE41: 143.41 | DF41: 169.25 | DG41: 149.27 | DH41: 124.66 | DI41: 100.05 | DJ41: 57.77 | DK41: 32.11 | DL41: 21.33 | DM41: 22.55 | DN41: 19.91 | DO41: 18.89 | DP41: 23.77 | DQ41: 21.73 | DR41: 22.75 | DS41: 21.53 | DT41: 23.97 | DU41: 26.81 | DV41: 25.39 | DW41: 20.92 | DX41: 19.3 | DY41: 21.06
A42: 10 | B42: 20.86 | C42: 18.28 | D42: 21.73 | E42: 19.3 | F42: 19.91 | G42: 18.08 | H42: 18.08 | I42: 17.67 | J42: 31.52 | K42: 152.44 | L42: 253.19 | M42: 236.48 | N42: 217.2 | O42: 216.61 | P42: 211.88 | Q42: 217.84 | R42: 192.38 | S42: 143.42 | T42: 145.33 | U42: 160.95 | V42: 144.22 | W42: 136.31 | X42: 152.7 | Y42: 182.02 | Z42: 150.56 | AA42: 127.42 | AB42: 120.75 | AC42: 134.48 | AD42: 148.09 | AE42: 154.03 | AF42: 145.53 | AG42: 134.19 | AH42: 155.62 | AI42: 154.77 | AJ42: 139.72 | AK42: 130.75 | AL42: 125.3 | AM42: 131.08 | AN42: 156.75 | AO42: 141.36 | AP42: 112.44 | AQ42: 114.69 | AR42: 80 | AS42: 71.7 | AT42: 58.39 | AU42: 30.7 | AV42: 27.03 | AW42: 22.55 | AX42: 19.5 | AY42: 17.27 | AZ42: 17.67 | BA42: 17.47 | BB42: 19.91 | BC42: 20.92 | BD42: 22.34 | BE42: 19.3 | BF42: 20.11 | BG42: 32.81 | BH42: 65.58 | BI42: 107.91 | BJ42: 103.47 | BK42: 98.72 | BL42: 100.14 | BM42: 100.98 | BN42: 99.77 | BO42: 113.64 | BP42: 119.33 | BQ42: 151.34 | BR42: 115.95 | BS42: 110.11 | BT42: 100.47 | BU42: 115.09 | BV42: 143.5 | BW42: 88.42 | BX42: 59.25 | BY42: 29.89 | BZ42: 26.81 | CA42: 26.02 | CB42: 20.92 | CC42: 21.94 | CD42: 19.91 | CE42: 22.55 | CF42: 27.84 | CG42: 31.16 | CH42: 38.36 | CI42: 71.2 | CJ42: 91.69 | CK42: 116.8 | CL42: 120.53 | CM42: 88.98 | CN42: 54.84 | CO42: 21.94 | CP42: 18.28 | CQ42: 19.7 | CR42: 17.47 | CS42: 18.48 | CT42: 20.92 | CU42: 19.7 | CV42: 17.47 | CW42: 15.23 | CX42: 16.86 | CY42: 16.05 | CZ42: 13.41 | DA42: 13.41 | DB42: 14.83 | DC42: 16.45 | DD42: 24.17 | DE42: 53.77 | DF42: 76.09 | DG42: 68.42 | DH42: 51.03 | DI42: 66.39 | DJ42: 47.62 | DK42: 47.05 | DL42: 21.53 | DM42: 20.72 | DN42: 19.91 | DO42: 18.48 | DP42: 20.31 | DQ42: 20.92 | DR42: 19.7 | DS42: 20.72 | DT42: 18.48 | DU42: 21.73 | DV42: 27.42 | DW42: 23.16 | DX42: 20.92 | DY42: 21.47
B43: 19.44 | C43: 20.31 | D43: 21.53 | E43: 19.5 | F43: 20.11 | G43: 21.94 | H43: 21.73 | I43: 18.28 | J43: 18.89 | K43: 32.75 | L43: 124.08 | M43: 233.47 | N43: 231.42 | O43: 221.61 | P43: 220.41 | Q43: 213.23 | R43: 152.55 | S43: 122.66 | T43: 133.19 | U43: 103.02 | V43: 104.91 | W43: 118.64 | X43: 122.62 | Y43: 127.81 | Z43: 130.33 | AA43: 143.84 | AB43: 160.73 | AC43: 163.73 | AD43: 160.2 | AE43: 164.66 | AF43: 152.02 | AG43: 169.5 | AH43: 148.88 | AI43: 141.36 | AJ43: 120.97 | AK43: 107.5 | AL43: 94.31 | AM43: 72.47 | AN43: 54.28 | AO43: 41.03 | AP43: 34.66 | AQ43: 28.03 | AR43: 24.78 | AS43: 20.11 | AT43: 20.92 | AU43: 19.3 | AV43: 22.55 | AW43: 20.72 | AX43: 19.09 | AY43: 18.48 | AZ43: 15.03 | BA43: 16.25 | BB43: 18.89 | BC43: 22.55 | BD43: 19.5 | BE43: 20.31 | BF43: 18.08 | BG43: 19.09 | BH43: 20.92 | BI43: 39.16 | BJ43: 95.5 | BK43: 119.73 | BL43: 111.47 | BM43: 106.19 | BN43: 105.08 | BO43: 111.98 | BP43: 119.09 | BQ43: 137.59 | BR43: 132.25 | BS43: 128.69 | BT43: 98.12 | BU43: 47.2 | BV43: 30.58 | BW43: 18.89 | BX43: 17.47 | BY43: 17.27 | BZ43: 19.3 | CA43: 16.86 | CB43: 17.88 | CC43: 18.28 | CD43: 15.64 | CE43: 16.45 | CF43: 15.44 | CG43: 14.83 | CH43: 15.23 | CI43: 16.45 | CJ43: 18.89 | CK43: 22.34 | CL43: 24.78 | CM43: 21.53 | CN43: 20.92 | CO43: 20.52 | CP43: 19.09 | CQ43: 21.12 | CR43: 20.92 | CS43: 19.5 | CT43: 18.48 | CU43: 21.33 | CV43: 18.48 | CW43: 16.25 | CX43: 20.73 | CY43: 16.45 | CZ43: 15.64 | DA43: 16.25 | DB43: 15.03 | DC43: 17.06 | DD43: 20.31 | DE43: 25.19 | DF43: 30.47 | DG43: 32.31 | DH43: 32.3 | DI43: 48.72 | DJ43: 38.19 | DK43: 38.39 | DL43: 31.11 | DM43: 18.89 | DN43: 16.86 | DO43: 17.47 | DP43: 21.94 | DQ43: 19.3 | DR43: 18.89 | DS43: 20.72 | DT43: 19.7 | DU43: 18.48 | DV43: 22.55 | DW43: 26.61 | DX43: 23.16 | DY43: 21.88
B44: 17.2 | C44: 20.72 | D44: 19.7 | E44: 18.69 | F44: 20.52 | G44: 20.92 | H44: 23.77 | I44: 22.95 | J44: 19.09 | K44: 21.33 | L44: 28.84 | M44: 71.17 | N44: 199.89 | O44: 168.83 | P44: 216.2 | Q44: 216.12 | R44: 192.64 | S44: 158.28 | T44: 133.69 | U44: 106.81 | V44: 95.11 | W44: 113.84 | X44: 132.86 | Y44: 150.41 | Z44: 158.98 | AA44: 164.36 | AB44: 188.05 | AC44: 205.09 | AD44: 211.56 | AE44: 167.11 | AF44: 145.58 | AG44: 127.5 | AH44: 131.22 | AI44: 121.77 | AJ44: 88.95 | AK44: 45.94 | AL44: 23.36 | AM44: 19.09 | AN44: 16.45 | AO44: 18.28 | AP44: 17.47 | AQ44: 17.06 | AR44: 19.5 | AS44: 19.09 | AT44: 18.48 | AU44: 17.88 | AV44: 18.48 | AW44: 18.08 | AX44: 18.08 | AY44: 19.7 | AZ44: 16.66 | BA44: 17.47 | BB44: 23.56 | BC44: 24.38 | BD44: 24.17 | BE44: 22.75 | BF44: 22.75 | BG44: 22.55 | BH44: 20.11 | BI44: 18.89 | BJ44: 22.14 | BK44: 64.45 | BL44: 119.72 | BM44: 118.42 | BN44: 130.81 | BO44: 115.5 | BP44: 125.56 | BQ44: 146.88 | BR44: 134.38 | BS44: 91.14 | BT44: 27.47 | BU44: 18.48 | BV44: 15.23 | BW44: 16.45 | BX44: 16.86 | BY44: 17.67 | BZ44: 18.28 | CA44: 17.88 | CB44: 16.86 | CC44: 16.25 | CD44: 16.25 | CE44: 16.86 | CF44: 15.64 | CG44: 15.03 | CH44: 14.62 | CI44: 15.03 | CJ44: 16.66 | CK44: 18.28 | CL44: 21.73 | CM44: 21.94 | CN44: 19.3 | CO44: 18.69 | CP44: 18.08 | CQ44: 21.73 | CR44: 21.53 | CS44: 20.72 | CT44: 18.48 | CU44: 20.11 | CV44: 20.11 | CW44: 20.11 | CX44: 17.88 | CY44: 16.66 | CZ44: 15.23 | DA44: 17.27 | DB44: 18.08 | DC44: 18.69 | DD44: 17.67 | DE44: 25.39 | DF44: 31.69 | DG44: 34.53 | DH44: 34.56 | DI44: 39.06 | DJ44: 35.97 | DK44: 36.59 | DL44: 32.7 | DM44: 25.19 | DN44: 20.31 | DO44: 18.48 | DP44: 23.16 | DQ44: 18.69 | DR44: 18.28 | DS44: 18.89 | DT44: 17.47 | DU44: 19.3 | DV44: 27.45 | DW44: 21.95 | DX44: 23.97 | DY44: 23.7
B45: 18.22 | C45: 18.08 | D45: 21.33 | E45: 18.89 | F45: 24.17 | G45: 24.38 | H45: 21.33 | I45: 24.78 | J45: 23.77 | K45: 26.2 | L45: 26.61 | M45: 32.7 | N45: 140.67 | O45: 141.05 | P45: 187.89 | Q45: 221.41 | R45: 218.58 | S45: 192.66 | T45: 173.53 | U45: 147.02 | V45: 149.14 | W45: 204.61 | X45: 203.61 | Y45: 189.3 | Z45: 193.16 | AA45: 195.77 | AB45: 194.73 | AC45: 176.33 | AD45: 148.88 | AE45: 151.66 | AF45: 115.16 | AG45: 86.05 | AH45: 67.45 | AI45: 38.34 | AJ45: 24.98 | AK45: 23.56 | AL45: 22.14 | AM45: 23.36 | AN45: 21.73 | AO45: 19.3 | AP45: 20.12 | AQ45: 22.55 | AR45: 21.12 | AS45: 16.05 | AT45: 17.06 | AU45: 19.3 | AV45: 18.28 | AW45: 17.06 | AX45: 21.73 | AY45: 19.3 | AZ45: 18.69 | BA45: 20.73 | BB45: 20.72 | BC45: 21.53 | BD45: 23.56 | BE45: 29.45 | BF45: 26.81 | BG45: 20.92 | BH45: 20.72 | BI45: 18.48 | BJ45: 19.3 | BK45: 24.98 | BL45: 77.31 | BM45: 111.62 | BN45: 134.27 | BO45: 126.58 | BP45: 128.22 | BQ45: 160.59 | BR45: 138.42 | BS45: 41.91 | BT45: 17.88 | BU45: 16.25 | BV45: 15.23 | BW45: 15.03 | BX45: 14.83 | BY45: 19.7 | BZ45: 20.34 | CA45: 21.12 | CB45: 17.88 | CC45: 16.86 | CD45: 18.08 | CE45: 18.08 | CF45: 18.08 | CG45: 16.45 | CH45: 16.86 | CI45: 17.06 | CJ45: 19.91 | CK45: 21.73 | CL45: 20.92 | CM45: 21.94 | CN45: 20.92 | CO45: 22.14 | CP45: 22.14 | CQ45: 24.58 | CR45: 23.97 | CS45: 22.75 | CT45: 20.11 | CU45: 23.56 | CV45: 25.59 | CW45: 23.36 | CX45: 19.09 | CY45: 16.66 | CZ45: 18.08 | DA45: 19.09 | DB45: 18.89 | DC45: 19.09 | DD45: 17.88 | DE45: 24.17 | DF45: 33.92 | DG45: 32.91 | DH45: 28.03 | DI45: 31.73 | DJ45: 42.95 | DK45: 31.28 | DL45: 34.12 | DM45: 33.33 | DN45: 26.81 | DO45: 22.97 | DP45: 23.16 | DQ45: 19.7 | DR45: 19.09 | DS45: 17.67 | DT45: 17.27 | DU45: 17.06 | DV45: 17.88 | DW45: 21.12 | DX45: 22.95 | DY45: 20.86
A46: 11 | B46: 19.64 | C46: 19.09 | D46: 21.12 | E46: 23.16 | F46: 22.95 | G46: 21.33 | H46: 23.56 | I46: 22.14 | J46: 23.36 | K46: 22.95 | L46: 25.8 | M46: 26 | N46: 36.23 | O46: 45 | P46: 48.28 | Q46: 74.66 | R46: 94.41 | S46: 101.78 | T46: 117.62 | U46: 109.98 | V46: 96.08 | W46: 66.64 | X46: 89.09 | Y46: 90.06 | Z46: 112.8 | AA46: 121.11 | AB46: 118.66 | AC46: 102.17 | AD46: 59.27 | AE46: 50.95 | AF46: 30.28 | AG46: 25.39 | AH46: 21.53 | AI46: 23.97 | AJ46: 22.34 | AK46: 22.14 | AL46: 24.98 | AM46: 23.56 | AN46: 23.56 | AO46: 23.16 | AP46: 25.8 | AQ46: 20.31 | AR46: 17.88 | AS46: 19.91 | AT46: 17.67 | AU46: 18.08 | AV46: 19.3 | AW46: 16.45 | AX46: 17.67 | AY46: 21.73 | AZ46: 23.16 | BA46: 22.34 | BB46: 21.33 | BC46: 22.34 | BD46: 28.47 | BE46: 31.7 | BF46: 23.56 | BG46: 21.12 | BH46: 20.31 | BI46: 18.28 | BJ46: 19.3 | BK46: 18.08 | BL46: 30.36 | BM46: 104.89 | BN46: 156.12 | BO46: 153.75 | BP46: 128.89 | BQ46: 167.72 | BR46: 151.14 | BS46: 45.59 | BT46: 18.48 | BU46: 15.44 | BV46: 13.81 | BW46: 13.41 | BX46: 17.06 | BY46: 16.86 | BZ46: 16.45 | CA46: 16.66 | CB46: 19.09 | CC46: 18.69 | CD46: 18.89 | CE46: 18.08 | CF46: 19.09 | CG46: 19.09 | CH46: 17.27 | CI46: 17.47 | CJ46: 17.67 | CK46: 19.7 | CL46: 20.31 | CM46: 21.73 | CN46: 25.8 | CO46: 22.14 | CP46: 22.14 | CQ46: 24.17 | CR46: 21.94 | CS46: 24.78 | CT46: 24.38 | CU46: 21.94 | CV46: 24.58 | CW46: 21.73 | CX46: 17.88 | CY46: 20.11 | CZ46: 17.88 | DA46: 18.69 | DB46: 18.08 | DC46: 18.08 | DD46: 21.94 | DE46: 26 | DF46: 33.12 | DG46: 29.45 | DH46: 24.58 | DI46: 22.34 | DJ46: 27.02 | DK46: 32.7 | DL46: 33.94 | DM46: 36.97 | DN46: 33.92 | DO46: 28.64 | DP46: 24.98 | DQ46: 20.92 | DR46: 18.28 | DS46: 17.06 | DT46: 15.44 | DU46: 15.84 | DV46: 22.55 | DW46: 20.11 | DX46: 19.7 | DY46: 19.03
B47: 21.06 | C47: 19.91 | D47: 22.34 | E47: 22.55 | F47: 23.97 | G47: 23.56 | H47: 19.91 | I47: 21.33 | J47: 21.12 | K47: 22.34 | L47: 24.58 | M47: 27.62 | N47: 25.19 | O47: 28.23 | P47: 33.33 | Q47: 27.22 | R47: 30.27 | S47: 27.22 | T47: 24.98 | U47: 27.66 | V47: 25.19 | W47: 24.38 | X47: 24.78 | Y47: 26.61 | Z47: 40.92 | AA47: 85.55 | AB47: 99.33 | AC47: 98.45 | AD47: 36.98 | AE47: 24.98 | AF47: 26.61 | AG47: 24.17 | AH47: 23.97 | AI47: 23.36 | AJ47: 22.14 | AK47: 23.56 | AL47: 22.14 | AM47: 20.52 | AN47: 18.89 | AO47: 22.14 | AP47: 20.52 | AQ47: 18.08 | AR47: 19.91 | AS47: 19.09 | AT47: 18.28 | AU47: 18.28 | AV47: 19.3 | AW47: 17.67 | AX47: 17.88 | AY47: 19.09 | AZ47: 23.16 | BA47: 24.17 | BB47: 25.39 | BC47: 23.77 | BD47: 21.94 | BE47: 23.36 | BF47: 21.53 | BG47: 22.77 | BH47: 20.31 | BI47: 20.92 | BJ47: 22.55 | BK47: 19.91 | BL47: 22.14 | BM47: 78.08 | BN47: 138.67 | BO47: 154.94 | BP47: 136.16 | BQ47: 129.91 | BR47: 128.02 | BS47: 69.98 | BT47: 17.27 | BU47: 14.42 | BV47: 12.39 | BW47: 13.41 | BX47: 15.23 | BY47: 21.56 | BZ47: 16.45 | CA47: 17.67 | CB47: 17.67 | CC47: 17.27 | CD47: 18.08 | CE47: 18.69 | CF47: 19.3 | CG47: 20.31 | CH47: 18.08 | CI47: 19.3 | CJ47: 20.72 | CK47: 21.12 | CL47: 19.91 | CM47: 21.73 | CN47: 23.56 | CO47: 22.34 | CP47: 19.09 | CQ47: 20.72 | CR47: 19.5 | CS47: 18.69 | CT47: 19.5 | CU47: 19.91 | CV47: 20.31 | CW47: 19.5 | CX47: 17.47 | CY47: 17.88 | CZ47: 16.86 | DA47: 18.48 | DB47: 18.48 | DC47: 18.28 | DD47: 20.52 | DE47: 25.19 | DF47: 26.61 | DG47: 23.16 | DH47: 20.92 | DI47: 19.5 | DJ47: 18.89 | DK47: 24.38 | DL47: 33.33 | DM47: 37.39 | DN47: 37.98 | DO47: 35.77 | DP47: 32.3 | DQ47: 29.66 | DR47: 20.92 | DS47: 18.89 | DT47: 18.28 | DU47: 19.3 | DV47: 24.19 | DW47: 18.89 | DX47: 22.95 | DY47: 18.62
B48: 23.7 | C48: 26.41 | D48: 24.38 | E48: 21.53 | F48: 24.78 | G48: 22.14 | H48: 21.53 | I48: 20.72 | J48: 20.92 | K48: 22.14 | L48: 24.98 | M48: 24.78 | N48: 23.56 | O48: 25.19 | P48: 28.45 | Q48: 26.2 | R48: 24.98 | S48: 24.98 | T48: 24.78 | U48: 22.75 | V48: 23.56 | W48: 23.56 | X48: 25.8 | Y48: 26.41 | Z48: 31.3 | AA48: 64.47 | AB48: 97.44 | AC48: 106.81 | AD48: 44.73 | AE48: 28.03 | AF48: 24.98 | AG48: 24.17 | AH48: 24.58 | AI48: 21.73 | AJ48: 23.16 | AK48: 21.55 | AL48: 22.75 | AM48: 20.72 | AN48: 19.7 | AO48: 20.52 | AP48: 19.91 | AQ48: 17.67 | AR48: 21.55 | AS48: 21.12 | AT48: 19.5 | AU48: 18.48 | AV48: 18.48 | AW48: 18.08 | AX48: 19.09 | AY48: 18.28 | AZ48: 16.86 | BA48: 22.34 | BB48: 19.5 | BC48: 21.53 | BD48: 21.94 | BE48: 21.73 | BF48: 21.94 | BG48: 20.72 | BH48: 20.72 | BI48: 19.5 | BJ48: 19.91 | BK48: 19.3 | BL48: 21.33 | BM48: 33.81 | BN48: 122.83 | BO48: 173.89 | BP48: 139.47 | BQ48: 106.23 | BR48: 95.09 | BS48: 81.42 | BT48: 19.3 | BU48: 16.45 | BV48: 14.42 | BW48: 15.03 | BX48: 13.61 | BY48: 15.23 | BZ48: 15.03 | CA48: 16.66 | CB48: 16.86 | CC48: 18.08 | CD48: 19.91 | CE48: 21.73 | CF48: 20.92 | CG48: 20.52 | CH48: 20.72 | CI48: 21.94 | CJ48: 21.33 | CK48: 22.14 | CL48: 21.33 | CM48: 22.14 | CN48: 20.92 | CO48: 20.72 | CP48: 28.33 | CQ48: 19.91 | CR48: 19.5 | CS48: 17.67 | CT48: 17.06 | CU48: 17.27 | CV48: 16.25 | CW48: 19.5 | CX48: 17.27 | CY48: 16.05 | CZ48: 19.09 | DA48: 20.52 | DB48: 20.92 | DC48: 18.08 | DD48: 20.52 | DE48: 22.75 | DF48: 22.75 | DG48: 21.94 | DH48: 22.34 | DI48: 19.09 | DJ48: 20.72 | DK48: 26.25 | DL48: 21.12 | DM48: 27.22 | DN48: 32.31 | DO48: 34.12 | DP48: 35.97 | DQ48: 33.31 | DR48: 31.69 | DS48: 26 | DT48: 26 | DU48: 23.97 | DV48: 21.94 | DW48: 19.5 | DX48: 18.08 | DY48: 17.61
B49: 22.89 | C49: 24.98 | D49: 24.38 | E49: 20.72 | F49: 22.75 | G49: 19.5 | H49: 19.5 | I49: 17.67 | J49: 17.67 | K49: 21.73 | L49: 23.36 | M49: 23.38 | N49: 22.55 | O49: 24.98 | P49: 26 | Q49: 23.56 | R49: 23.36 | S49: 24.17 | T49: 23.16 | U49: 27.22 | V49: 27.22 | W49: 30.09 | X49: 26.81 | Y49: 27.62 | Z49: 31.69 | AA49: 53.5 | AB49: 93.86 | AC49: 106.44 | AD49: 61.17 | AE49: 29.25 | AF49: 26 | AG49: 23.16 | AH49: 23.56 | AI49: 20.72 | AJ49: 20.52 | AK49: 22.34 | AL49: 18.89 | AM49: 22.75 | AN49: 19.5 | AO49: 19.3 | AP49: 18.89 | AQ49: 19.3 | AR49: 18.48 | AS49: 19.91 | AT49: 20.72 | AU49: 20.31 | AV49: 18.89 | AW49: 18.08 | AX49: 18.08 | AY49: 18.08 | AZ49: 19.5 | BA49: 19.09 | BB49: 20.11 | BC49: 21.33 | BD49: 19.7 | BE49: 22.14 | BF49: 21.33 | BG49: 20.92 | BH49: 21.12 | BI49: 19.09 | BJ49: 18.28 | BK49: 17.47 | BL49: 18.89 | BM49: 21.94 | BN49: 92.3 | BO49: 158.09 | BP49: 149.56 | BQ49: 121.56 | BR49: 93.7 | BS49: 90.62 | BT49: 19.09 | BU49: 16.25 | BV49: 17.88 | BW49: 15.44 | BX49: 15.84 | BY49: 17.47 | BZ49: 18.08 | CA49: 20.52 | CB49: 23.16 | CC49: 21.12 | CD49: 20.72 | CE49: 23.56 | CF49: 24.58 | CG49: 22.34 | CH49: 22.55 | CI49: 19.3 | CJ49: 21.33 | CK49: 22.55 | CL49: 21.94 | CM49: 21.53 | CN49: 22.34 | CO49: 20.31 | CP49: 19.7 | CQ49: 19.5 | CR49: 19.91 | CS49: 18.69 | CT49: 20.11 | CU49: 18.69 | CV49: 19.09 | CW49: 19.5 | CX49: 19.5 | CY49: 19.91 | CZ49: 18.08 | DA49: 18.48 | DB49: 17.27 | DC49: 17.88 | DD49: 19.7 | DE49: 21.33 | DF49: 21.12 | DG49: 20.31 | DH49: 17.27 | DI49: 19.7 | DJ49: 17.67 | DK49: 23.2 | DL49: 20.11 | DM49: 19.3 | DN49: 25.19 | DO49: 27.22 | DP49: 31.91 | DQ49: 33.52 | DR49: 33.92 | DS49: 35.77 | DT49: 32.5 | DU49: 29.86 | DV49: 30.06 | DW49: 22.14 | DX49: 20.92 | DY49: 19.62
A50: 12 | B50: 24.3 | C50: 24.98 | D50: 23.56 | E50: 20.52 | F50: 23.56 | G50: 21.12 | H50: 22.55 | I50: 21.73 | J50: 18.89 | K50: 21.73 | L50: 20.31 | M50: 21.12 | N50: 20.52 | O50: 22.34 | P50: 22.75 | Q50: 25.19 | R50: 24.58 | S50: 25.19 | T50: 27.44 | U50: 26.81 | V50: 26 | W50: 29.31 | X50: 23.56 | Y50: 27.02 | Z50: 31.08 | AA50: 44.69 | AB50: 109.23 | AC50: 111.19 | AD50: 91.86 | AE50: 28.84 | AF50: 24.17 | AG50: 22.75 | AH50: 21.73 | AI50: 19.91 | AJ50: 19.7 | AK50: 17.67 | AL50: 21.33 | AM50: 21.53 | AN50: 21.12 | AO50: 21.33 | AP50: 19.7 | AQ50: 20.72 | AR50: 18.48 | AS50: 21.12 | AT50: 20.11 | AU50: 20.11 | AV50: 17.88 | AW50: 16.25 | AX50: 16.45 | AY50: 17.27 | AZ50: 19.09 | BA50: 18.69 | BB50: 20.11 | BC50: 18.89 | BD50: 19.5 | BE50: 19.5 | BF50: 20.31 | BG50: 18.89 | BH50: 18.28 | BI50: 17.88 | BJ50: 18.89 | BK50: 16.05 | BL50: 17.06 | BM50: 16.25 | BN50: 48.23 | BO50: 137.88 | BP50: 165.38 | BQ50: 131.36 | BR50: 102.2 | BS50: 104.33 | BT50: 23.16 | BU50: 18.89 | BV50: 21.73 | BW50: 27.05 | BX50: 34.77 | BY50: 32.52 | BZ50: 30.89 | CA50: 28.64 | CB50: 22.34 | CC50: 21.33 | CD50: 18.08 | CE50: 21.12 | CF50: 23.97 | CG50: 26.2 | CH50: 22.75 | CI50: 20.31 | CJ50: 18.48 | CK50: 21.33 | CL50: 21.33 | CM50: 18.48 | CN50: 20.31 | CO50: 21.33 | CP50: 22.95 | CQ50: 23.36 | CR50: 21.53 | CS50: 21.94 | CT50: 22.75 | CU50: 21.12 | CV50: 21.12 | CW50: 19.7 | CX50: 20.31 | CY50: 19.91 | CZ50: 19.09 | DA50: 18.48 | DB50: 18.08 | DC50: 17.67 | DD50: 18.69 | DE50: 21.12 | DF50: 20.72 | DG50: 17.88 | DH50: 16.25 | DI50: 19.5 | DJ50: 18.08 | DK50: 18.08 | DL50: 17.27 | DM50: 17.47 | DN50: 16.45 | DO50: 19.91 | DP50: 22.14 | DQ50: 26.81 | DR50: 33.72 | DS50: 33.12 | DT50: 34.14 | DU50: 34.36 | DV50: 40.28 | DW50: 31.48 | DX50: 31.28 | DY50: 33
B51: 23.09 | C51: 23.97 | D51: 23.16 | E51: 22.75 | F51: 22.34 | G51: 24.98 | H51: 22.14 | I51: 20.11 | J51: 18.48 | K51: 18.69 | L51: 18.69 | M51: 18.08 | N51: 19.5 | O51: 21.94 | P51: 23.56 | Q51: 22.34 | R51: 25.19 | S51: 29.05 | T51: 33.11 | U51: 31.89 | V51: 26.81 | W51: 22.75 | X51: 21.73 | Y51: 21.53 | Z51: 25 | AA51: 28.64 | AB51: 92.06 | AC51: 110.38 | AD51: 113.5 | AE51: 43.83 | AF51: 25.8 | AG51: 23.77 | AH51: 21.53 | AI51: 21.73 | AJ51: 19.91 | AK51: 18.89 | AL51: 16.86 | AM51: 21.12 | AN51: 21.94 | AO51: 17.27 | AP51: 16.86 | AQ51: 18.69 | AR51: 19.09 | AS51: 20.92 | AT51: 20.52 | AU51: 19.91 | AV51: 21.33 | AW51: 17.06 | AX51: 16.66 | AY51: 17.27 | AZ51: 17.06 | BA51: 20.52 | BB51: 20.92 | BC51: 19.09 | BD51: 19.3 | BE51: 19.09 | BF51: 20.31 | BG51: 19.7 | BH51: 20.52 | BI51: 15.64 | BJ51: 16.05 | BK51: 17.88 | BL51: 15.44 | BM51: 16.05 | BN51: 22.36 | BO51: 93.14 | BP51: 147.67 | BQ51: 150.11 | BR51: 112.89 | BS51: 102.2 | BT51: 21.73 | BU51: 23.97 | BV51: 36.58 | BW51: 39.23 | BX51: 28.23 | BY51: 22.77 | BZ51: 21.94 | CA51: 20.92 | CB51: 18.48 | CC51: 18.89 | CD51: 19.09 | CE51: 17.27 | CF51: 21.53 | CG51: 23.16 | CH51: 26.2 | CI51: 20.31 | CJ51: 19.09 | CK51: 22.14 | CL51: 19.91 | CM51: 19.3 | CN51: 21.12 | CO51: 19.09 | CP51: 18.08 | CQ51: 16.86 | CR51: 19.3 | CS51: 19.09 | CT51: 20.11 | CU51: 22.55 | CV51: 23.36 | CW51: 20.52 | CX51: 20.92 | CY51: 19.3 | CZ51: 19.09 | DA51: 18.69 | DB51: 18.48 | DC51: 18.08 | DD51: 16.66 | DE51: 19.7 | DF51: 20.11 | DG51: 19.09 | DH51: 18.08 | DI51: 18.08 | DJ51: 20.11 | DK51: 18.89 | DL51: 17.88 | DM51: 16.66 | DN51: 17.06 | DO51: 18.08 | DP51: 17.67 | DQ51: 22.14 | DR51: 28.84 | DS51: 27.42 | DT51: 27.62 | DU51: 32.5 | DV51: 31.52 | DW51: 33.11 | DX51: 36.38 | DY51: 47.08
B52: 26.75 | C52: 25.8 | D52: 24.38 | E52: 21.94 | F52: 20.31 | G52: 19.09 | H52: 16.25 | I52: 16.66 | J52: 17.67 | K52: 15.03 | L52: 16.25 | M52: 19.3 | N52: 19.7 | O52: 17.67 | P52: 20.31 | Q52: 21.94 | R52: 22.14 | S52: 23.36 | T52: 30.06 | U52: 31.08 | V52: 28.86 | W52: 23.77 | X52: 20.52 | Y52: 23.36 | Z52: 25.39 | AA52: 32.09 | AB52: 71.78 | AC52: 152.8 | AD52: 114.14 | AE52: 71.98 | AF52: 24.38 | AG52: 24.38 | AH52: 22.95 | AI52: 21.33 | AJ52: 22.14 | AK52: 18.89 | AL52: 16.45 | AM52: 19.7 | AN52: 22.14 | AO52: 16.45 | AP52: 17.88 | AQ52: 19.91 | AR52: 21.73 | AS52: 23.77 | AT52: 20.11 | AU52: 19.3 | AV52: 17.47 | AW52: 17.47 | AX52: 18.08 | AY52: 15.44 | AZ52: 19.3 | BA52: 18.28 | BB52: 19.5 | BC52: 18.89 | BD52: 19.09 | BE52: 21.73 | BF52: 20.11 | BG52: 21.95 | BH52: 21.33 | BI52: 18.89 | BJ52: 18.48 | BK52: 17.88 | BL52: 17.88 | BM52: 17.67 | BN52: 19.7 | BO52: 50.7 | BP52: 133.05 | BQ52: 185.12 | BR52: 142.47 | BS52: 123.92 | BT52: 29.25 | BU52: 36.19 | BV52: 32.91 | BW52: 22.75 | BX52: 18.69 | BY52: 19.91 | BZ52: 18.28 | CA52: 18.28 | CB52: 17.27 | CC52: 16.66 | CD52: 17.27 | CE52: 19.7 | CF52: 32.59 | CG52: 20.92 | CH52: 24.17 | CI52: 23.77 | CJ52: 20.52 | CK52: 18.08 | CL52: 18.89 | CM52: 20.92 | CN52: 23.77 | CO52: 21.33 | CP52: 20.72 | CQ52: 21.12 | CR52: 19.3 | CS52: 17.88 | CT52: 19.09 | CU52: 18.69 | CV52: 21.12 | CW52: 20.52 | CX52: 20.72 | CY52: 18.89 | CZ52: 19.09 | DA52: 16.86 | DB52: 18.08 | DC52: 16.66 | DD52: 19.3 | DE52: 19.09 | DF52: 20.31 | DG52: 17.47 | DH52: 19.3 | DI52: 19.09 | DJ52: 18.48 | DK52: 17.27 | DL52: 17.47 | DM52: 17.67 | DN52: 17.88 | DO52: 17.67 | DP52: 16.25 | DQ52: 16.25 | DR52: 22.55 | DS52: 28.64 | DT52: 27.83 | DU52: 26.61 | DV52: 27.62 | DW52: 28.64 | DX52: 34.75 | DY52: 45.22
B53: 21.67 | C53: 23.97 | D53: 26 | E53: 20.11 | F53: 17.47 | G53: 19.7 | H53: 17.06 | I53: 15.84 | J53: 15.23 | K53: 16.05 | L53: 19.5 | M53: 16.45 | N53: 19.3 | O53: 21.12 | P53: 23.97 | Q53: 20.31 | R53: 20.92 | S53: 16.05 | T53: 19.7 | U53: 22.34 | V53: 24.58 | W53: 28.23 | X53: 23.56 | Y53: 23.97 | Z53: 26.41 | AA53: 31.08 | AB53: 54.2 | AC53: 157.61 | AD53: 104.72 | AE53: 104.95 | AF53: 29.86 | AG53: 25.39 | AH53: 21.73 | AI53: 21.53 | AJ53: 21.73 | AK53: 20.92 | AL53: 18.48 | AM53: 18.48 | AN53: 22.56 | AO53: 16.45 | AP53: 19.5 | AQ53: 23.17 | AR53: 21.12 | AS53: 19.09 | AT53: 22.34 | AU53: 22.55 | AV53: 17.47 | AW53: 16.25 | AX53: 15.84 | AY53: 19.3 | AZ53: 17.47 | BA53: 17.47 | BB53: 18.69 | BC53: 19.3 | BD53: 18.69 | BE53: 19.09 | BF53: 21.53 | BG53: 21.12 | BH53: 20.72 | BI53: 17.88 | BJ53: 18.89 | BK53: 18.28 | BL53: 18.08 | BM53: 19.7 | BN53: 18.28 | BO53: 26.83 | BP53: 121.58 | BQ53: 160.58 | BR53: 177.02 | BS53: 142.16 | BT53: 35.77 | BU53: 33.33 | BV53: 20.92 | BW53: 18.69 | BX53: 17.67 | BY53: 18.69 | BZ53: 17.47 | CA53: 19.5 | CB53: 17.88 | CC53: 17.27 | CD53: 15.64 | CE53: 19.91 | CF53: 22.34 | CG53: 19.91 | CH53: 24.58 | CI53: 22.34 | CJ53: 20.52 | CK53: 18.69 | CL53: 22.34 | CM53: 22.34 | CN53: 25.39 | CO53: 22.95 | CP53: 20.31 | CQ53: 22.55 | CR53: 24.17 | CS53: 19.3 | CT53: 19.09 | CU53: 18.48 | CV53: 18.48 | CW53: 16.45 | CX53: 17.27 | CY53: 16.05 | CZ53: 18.28 | DA53: 17.27 | DB53: 17.47 | DC53: 17.67 | DD53: 16.66 | DE53: 19.72 | DF53: 19.5 | DG53: 17.27 | DH53: 18.28 | DI53: 18.48 | DJ53: 18.89 | DK53: 19.09 | DL53: 17.67 | DM53: 15.44 | DN53: 16.66 | DO53: 16.45 | DP53: 14.42 | DQ53: 15.23 | DR53: 18.28 | DS53: 24.58 | DT53: 25.59 | DU53: 24.78 | DV53: 23.16 | DW53: 23.36 | DX53: 25.8 | DY53: 34.41
A54: 13 | B54: 22.06 | C54: 23.56 | D54: 24.38 | E54: 17.88 | F54: 18.48 | G54: 17.06 | H54: 14.83 | I54: 14.22 | J54: 16.05 | K54: 15.03 | L54: 15.64 | M54: 18.48 | N54: 18.28 | O54: 19.5 | P54: 20.52 | Q54: 21.14 | R54: 24.44 | S54: 17.27 | T54: 16.86 | U54: 18.09 | V54: 17.27 | W54: 21.33 | X54: 22.14 | Y54: 26.81 | Z54: 23.16 | AA54: 24.58 | AB54: 38.7 | AC54: 131.8 | AD54: 113.27 | AE54: 106 | AF54: 29.67 | AG54: 23.56 | AH54: 21.53 | AI54: 21.33 | AJ54: 24.38 | AK54: 20.52 | AL54: 20.92 | AM54: 19.91 | AN54: 19.91 | AO54: 21.33 | AP54: 19.91 | AQ54: 19.7 | AR54: 18.08 | AS54: 20.72 | AT54: 24.38 | AU54: 22.14 | AV54: 16.86 | AW54: 16.05 | AX54: 16.66 | AY54: 19.5 | AZ54: 17.67 | BA54: 18.28 | BB54: 18.08 | BC54: 19.3 | BD54: 18.28 | BE54: 18.28 | BF54: 18.69 | BG54: 20.11 | BH54: 19.3 | BI54: 22.36 | BJ54: 18.48 | BK54: 21.33 | BL54: 19.3 | BM54: 19.7 | BN54: 18.89 | BO54: 23.16 | BP54: 82.83 | BQ54: 137 | BR54: 181.22 | BS54: 188.91 | BT54: 53.7 | BU54: 24.78 | BV54: 18.28 | BW54: 19.3 | BX54: 19.3 | BY54: 18.89 | BZ54: 18.28 | CA54: 15.44 | CB54: 16.66 | CC54: 17.27 | CD54: 18.08 | CE54: 22.55 | CF54: 22.55 | CG54: 29.27 | CH54: 21.94 | CI54: 19.7 | CJ54: 20.52 | CK54: 21.12 | CL54: 22.55 | CM54: 20.11 | CN54: 48.75 | CO54: 25.39 | CP54: 21.73 | CQ54: 21.73 | CR54: 25.59 | CS54: 22.75 | CT54: 18.48 | CU54: 18.08 | CV54: 18.28 | CW54: 15.64 | CX54: 16.05 | CY54: 16.66 | CZ54: 16.45 | DA54: 15.03 | DB54: 16.45 | DC54: 15.64 | DD54: 15.84 | DE54: 17.67 | DF54: 17.88 | DG54: 18.28 | DH54: 19.7 | DI54: 18.08 | DJ54: 17.06 | DK54: 18.08 | DL54: 17.47 | DM54: 15.44 | DN54: 13.41 | DO54: 15.44 | DP54: 14.62 | DQ54: 15.23 | DR54: 16.25 | DS54: 19.5 | DT54: 22.14 | DU54: 21.73 | DV54: 22.34 | DW54: 22.34 | DX54: 21.12 | DY54: 23.91
B55: 21.06 | C55: 23.36 | D55: 21.94 | E55: 17.88 | F55: 22.36 | G55: 15.64 | H55: 14.83 | I55: 14.83 | J55: 16.45 | K55: 15.84 | L55: 15.64 | M55: 17.47 | N55: 16.86 | O55: 33.3 | P55: 21.53 | Q55: 17.67 | R55: 16.05 | S55: 17.27 | T55: 15.03 | U55: 16.25 | V55: 17.47 | W55: 22 | X55: 19.5 | Y55: 21.33 | Z55: 19.3 | AA55: 22.34 | AB55: 26.2 | AC55: 101.98 | AD55: 118.92 | AE55: 102 | AF55: 41.38 | AG55: 26.61 | AH55: 24.17 | AI55: 21.73 | AJ55: 21.53 | AK55: 22.14 | AL55: 22.95 | AM55: 20.92 | AN55: 20.92 | AO55: 21.12 | AP55: 21.53 | AQ55: 22.55 | AR55: 22.34 | AS55: 20.11 | AT55: 23.77 | AU55: 22.95 | AV55: 17.88 | AW55: 18.28 | AX55: 18.89 | AY55: 23.97 | AZ55: 19.5 | BA55: 18.08 | BB55: 19.3 | BC55: 18.89 | BD55: 19.7 | BE55: 19.09 | BF55: 19.91 | BG55: 19.7 | BH55: 20.52 | BI55: 20.73 | BJ55: 17.88 | BK55: 18.28 | BL55: 19.3 | BM55: 21.53 | BN55: 19.09 | BO55: 20.31 | BP55: 37.3 | BQ55: 119.11 | BR55: 176.69 | BS55: 198.83 | BT55: 98.16 | BU55: 24.17 | BV55: 18.48 | BW55: 19.91 | BX55: 19.3 | BY55: 20.72 | BZ55: 14.62 | CA55: 17.27 | CB55: 16.25 | CC55: 16.86 | CD55: 22.14 | CE55: 28.64 | CF55: 30.06 | CG55: 28.64 | CH55: 23.36 | CI55: 23.36 | CJ55: 20.11 | CK55: 22.55 | CL55: 26 | CM55: 25.59 | CN55: 21.73 | CO55: 19.7 | CP55: 20.92 | CQ55: 24.58 | CR55: 26.2 | CS55: 22.55 | CT55: 17.06 | CU55: 16.66 | CV55: 15.84 | CW55: 18.08 | CX55: 16.25 | CY55: 16.25 | CZ55: 16.05 | DA55: 14.62 | DB55: 15.84 | DC55: 16.86 | DD55: 17.88 | DE55: 16.86 | DF55: 36.16 | DG55: 37.73 | DH55: 25.8 | DI55: 20.92 | DJ55: 20.31 | DK55: 19.09 | DL55: 18.08 | DM55: 15.44 | DN55: 14.83 | DO55: 13.41 | DP55: 14.42 | DQ55: 19.34 | DR55: 14.02 | DS55: 16.25 | DT55: 16.86 | DU55: 17.88 | DV55: 19.09 | DW55: 22.34 | DX55: 21.33 | DY55: 21.88
B56: 20.45 | C56: 21.94 | D56: 21.12 | E56: 16.66 | F56: 15.84 | G56: 15.64 | H56: 15.03 | I56: 15.64 | J56: 19.3 | K56: 20.92 | L56: 18.89 | M56: 17.47 | N56: 19.3 | O56: 20.31 | P56: 20.11 | Q56: 19.91 | R56: 19.7 | S56: 18.48 | T56: 17.27 | U56: 16.66 | V56: 17.06 | W56: 17.67 | X56: 20.52 | Y56: 21.12 | Z56: 20.52 | AA56: 21.53 | AB56: 24.98 | AC56: 67.81 | AD56: 128.28 | AE56: 112.62 | AF56: 62.39 | AG56: 27.62 | AH56: 24.38 | AI56: 25.39 | AJ56: 25.39 | AK56: 21.53 | AL56: 20.92 | AM56: 22.55 | AN56: 21.73 | AO56: 20.92 | AP56: 22.95 | AQ56: 20.72 | AR56: 20.31 | AS56: 21.33 | AT56: 18.69 | AU56: 19.5 | AV56: 18.28 | AW56: 19.09 | AX56: 19.5 | AY56: 19.09 | AZ56: 18.89 | BA56: 18.08 | BB56: 18.28 | BC56: 20.11 | BD56: 17.27 | BE56: 19.5 | BF56: 19.5 | BG56: 18.28 | BH56: 19.5 | BI56: 22.55 | BJ56: 19.3 | BK56: 17.06 | BL56: 18.28 | BM56: 16.86 | BN56: 18.08 | BO56: 20.11 | BP56: 26.61 | BQ56: 85.17 | BR56: 151.16 | BS56: 189.28 | BT56: 168.36 | BU56: 34.81 | BV56: 21.33 | BW56: 16.86 | BX56: 18.28 | BY56: 23.23 | BZ56: 19.09 | CA56: 18.28 | CB56: 18.69 | CC56: 23.77 | CD56: 27.62 | CE56: 27.23 | CF56: 24.98 | CG56: 23.36 | CH56: 22.14 | CI56: 22.95 | CJ56: 20.11 | CK56: 21.94 | CL56: 19.09 | CM56: 22.55 | CN56: 20.11 | CO56: 23.78 | CP56: 21.94 | CQ56: 21.33 | CR56: 26.41 | CS56: 26.2 | CT56: 18.89 | CU56: 16.45 | CV56: 17.67 | CW56: 15.23 | CX56: 16.45 | CY56: 15.64 | CZ56: 16.45 | DA56: 16.45 | DB56: 17.06 | DC56: 17.06 | DD56: 17.67 | DE56: 18.89 | DF56: 55.3 | DG56: 165.77 | DH56: 109.09 | DI56: 29.69 | DJ56: 22.75 | DK56: 20.52 | DL56: 17.88 | DM56: 15.64 | DN56: 14.42 | DO56: 15.84 | DP56: 15.23 | DQ56: 14.02 | DR56: 15.64 | DS56: 14.62 | DT56: 17.47 | DU56: 18.08 | DV56: 15.64 | DW56: 17.88 | DX56: 18.28 | DY56: 17.2
B57: 23.5 | C57: 23.77 | D57: 19.7 | E57: 15.84 | F57: 16.86 | G57: 16.66 | H57: 14.02 | I57: 14.22 | J57: 17.06 | K57: 19.5 | L57: 20.92 | M57: 20.92 | N57: 23.16 | O57: 21.94 | P57: 18.69 | Q57: 18.28 | R57: 16.45 | S57: 20.31 | T57: 20.92 | U57: 20.72 | V57: 22.75 | W57: 20.31 | X57: 19.91 | Y57: 20.31 | Z57: 19.91 | AA57: 23.97 | AB57: 26.2 | AC57: 50.42 | AD57: 108.89 | AE57: 129.14 | AF57: 114.53 | AG57: 41.17 | AH57: 22.95 | AI57: 23.17 | AJ57: 22.55 | AK57: 26.81 | AL57: 19.5 | AM57: 21.12 | AN57: 26.41 | AO57: 21.12 | AP57: 20.72 | AQ57: 22.95 | AR57: 21.94 | AS57: 20.52 | AT57: 21.53 | AU57: 19.5 | AV57: 16.86 | AW57: 16.25 | AX57: 19.7 | AY57: 17.27 | AZ57: 17.67 | BA57: 19.7 | BB57: 18.08 | BC57: 18.69 | BD57: 17.88 | BE57: 19.7 | BF57: 19.5 | BG57: 18.08 | BH57: 19.3 | BI57: 18.28 | BJ57: 20.11 | BK57: 18.08 | BL57: 17.27 | BM57: 18.48 | BN57: 20.72 | BO57: 24.58 | BP57: 30.88 | BQ57: 75.14 | BR57: 137.41 | BS57: 190.92 | BT57: 189.89 | BU57: 88.97 | BV57: 25.39 | BW57: 20.11 | BX57: 17.88 | BY57: 15.23 | BZ57: 15.03 | CA57: 15.44 | CB57: 18.69 | CC57: 21.94 | CD57: 22.95 | CE57: 22.14 | CF57: 21.94 | CG57: 18.28 | CH57: 20.31 | CI57: 21.94 | CJ57: 20.11 | CK57: 21.33 | CL57: 20.31 | CM57: 19.3 | CN57: 20.31 | CO57: 19.5 | CP57: 18.48 | CQ57: 19.5 | CR57: 19.91 | CS57: 24.17 | CT57: 20.92 | CU57: 20.52 | CV57: 18.69 | CW57: 16.86 | CX57: 17.88 | CY57: 15.84 | CZ57: 16.66 | DA57: 15.64 | DB57: 17.67 | DC57: 18.48 | DD57: 24.58 | DE57: 21.94 | DF57: 25.59 | DG57: 118.06 | DH57: 187.17 | DI57: 95.64 | DJ57: 28.44 | DK57: 24.58 | DL57: 18.08 | DM57: 16.05 | DN57: 14.22 | DO57: 15.23 | DP57: 14.62 | DQ57: 14.22 | DR57: 17.69 | DS57: 16.45 | DT57: 17.47 | DU57: 15.44 | DV57: 16.66 | DW57: 17.47 | DX57: 18.28 | DY57: 19.03
A58: 14 | B58: 24.52 | C58: 26.62 | D58: 18.48 | E58: 17.47 | F58: 15.84 | G58: 14.62 | H58: 15.84 | I58: 16.05 | J58: 17.06 | K58: 19.3 | L58: 21.12 | M58: 21.12 | N58: 22.55 | O58: 23.16 | P58: 18.89 | Q58: 18.69 | R58: 21.33 | S58: 20.52 | T58: 18.69 | U58: 19.3 | V58: 22.75 | W58: 21.94 | X58: 19.7 | Y58: 21.73 | Z58: 20.92 | AA58: 27.64 | AB58: 28.64 | AC58: 80.06 | AD58: 55.77 | AE58: 91.98 | AF58: 143.67 | AG58: 111.41 | AH58: 41.22 | AI58: 23.97 | AJ58: 21.12 | AK58: 22.75 | AL58: 22.75 | AM58: 23.36 | AN58: 21.33 | AO58: 21.53 | AP58: 20.31 | AQ58: 22.55 | AR58: 19.5 | AS58: 16.66 | AT58: 18.89 | AU58: 19.09 | AV58: 19.5 | AW58: 18.08 | AX58: 18.08 | AY58: 17.06 | AZ58: 17.88 | BA58: 17.88 | BB58: 17.88 | BC58: 19.3 | BD58: 18.89 | BE58: 18.89 | BF58: 17.27 | BG58: 18.89 | BH58: 16.66 | BI58: 16.66 | BJ58: 17.06 | BK58: 19.09 | BL58: 18.89 | BM58: 19.91 | BN58: 22.75 | BO58: 28.64 | BP58: 36.17 | BQ58: 45.22 | BR58: 138.23 | BS58: 164.8 | BT58: 170.94 | BU58: 166.11 | BV58: 45.86 | BW58: 21.53 | BX58: 18.08 | BY58: 16.66 | BZ58: 15.84 | CA58: 16.66 | CB58: 16.45 | CC58: 17.47 | CD58: 18.28 | CE58: 18.48 | CF58: 20.31 | CG58: 20.92 | CH58: 20.72 | CI58: 20.11 | CJ58: 18.69 | CK58: 19.09 | CL58: 20.11 | CM58: 18.48 | CN58: 20.11 | CO58: 16.05 | CP58: 16.45 | CQ58: 17.47 | CR58: 18.69 | CS58: 22.55 | CT58: 18.89 | CU58: 16.86 | CV58: 18.08 | CW58: 19.7 | CX58: 20.72 | CY58: 17.67 | CZ58: 17.27 | DA58: 18.28 | DB58: 19.5 | DC58: 17.67 | DD58: 25.84 | DE58: 19.5 | DF58: 18.69 | DG58: 28.64 | DH58: 124.97 | DI58: 145.47 | DJ58: 60.95 | DK58: 29.27 | DL58: 21.33 | DM58: 18.89 | DN58: 17.06 | DO58: 14.62 | DP58: 14.83 | DQ58: 13.81 | DR58: 14.02 | DS58: 16.25 | DT58: 16.05 | DU58: 18.28 | DV58: 20.72 | DW58: 19.91 | DX58: 17.06 | DY58: 19.42
B59: 20.66 | C59: 21.73 | D59: 19.3 | E59: 19.09 | F59: 20.94 | G59: 17.27 | H59: 15.23 | I59: 15.23 | J59: 17.67 | K59: 20.11 | L59: 18.89 | M59: 24.58 | N59: 22.55 | O59: 23.97 | P59: 19.91 | Q59: 18.48 | R59: 20.11 | S59: 21.53 | T59: 22.75 | U59: 20.52 | V59: 22.55 | W59: 22.75 | X59: 22.95 | Y59: 22.14 | Z59: 21.53 | AA59: 26.2 | AB59: 30.28 | AC59: 101.42 | AD59: 34.12 | AE59: 31.11 | AF59: 122.75 | AG59: 149.72 | AH59: 113.28 | AI59: 44.69 | AJ59: 24.78 | AK59: 25.8 | AL59: 23.36 | AM59: 22.55 | AN59: 23.56 | AO59: 20.72 | AP59: 21.73 | AQ59: 19.91 | AR59: 18.08 | AS59: 22.95 | AT59: 19.5 | AU59: 23.17 | AV59: 19.5 | AW59: 19.09 | AX59: 17.67 | AY59: 17.67 | AZ59: 19.7 | BA59: 17.88 | BB59: 19.3 | BC59: 18.69 | BD59: 18.28 | BE59: 18.28 | BF59: 17.47 | BG59: 19.5 | BH59: 18.08 | BI59: 16.45 | BJ59: 19.7 | BK59: 21.12 | BL59: 22.95 | BM59: 28.23 | BN59: 30.88 | BO59: 32.7 | BP59: 28.84 | BQ59: 26.2 | BR59: 105.62 | BS59: 145.12 | BT59: 155.97 | BU59: 184.88 | BV59: 100.86 | BW59: 27.42 | BX59: 21.12 | BY59: 17.27 | BZ59: 17.67 | CA59: 17.06 | CB59: 18.7 | CC59: 19.5 | CD59: 19.7 | CE59: 18.89 | CF59: 19.91 | CG59: 20.31 | CH59: 23.16 | CI59: 18.69 | CJ59: 20.72 | CK59: 20.52 | CL59: 20.11 | CM59: 18.48 | CN59: 20.12 | CO59: 26.09 | CP59: 19.11 | CQ59: 17.27 | CR59: 19.5 | CS59: 17.47 | CT59: 19.09 | CU59: 20.11 | CV59: 16.66 | CW59: 17.67 | CX59: 21.14 | CY59: 19.91 | CZ59: 18.48 | DA59: 18.69 | DB59: 17.27 | DC59: 18.48 | DD59: 14.83 | DE59: 17.47 | DF59: 18.08 | DG59: 20.72 | DH59: 66.03 | DI59: 133.73 | DJ59: 97.45 | DK59: 69.06 | DL59: 25.8 | DM59: 21.12 | DN59: 16.86 | DO59: 17.47 | DP59: 14.83 | DQ59: 14.42 | DR59: 15.44 | DS59: 17.88 | DT59: 15.23 | DU59: 18.48 | DV59: 16.45 | DW59: 19.7 | DX59: 17.27 | DY59: 16.58
B60: 21.88 | C60: 21.94 | D60: 18.69 | E60: 19.5 | F60: 17.88 | G60: 16.86 | H60: 21.12 | I60: 17.47 | J60: 17.47 | K60: 19.7 | L60: 22.75 | M60: 24.58 | N60: 55.11 | O60: 25.39 | P60: 21.94 | Q60: 20.72 | R60: 19.7 | S60: 20.72 | T60: 23.77 | U60: 19.3 | V60: 24.17 | W60: 24.58 | X60: 23.16 | Y60: 24.17 | Z60: 23.77 | AA60: 25.19 | AB60: 65.94 | AC60: 80.03 | AD60: 24.98 | AE60: 22.95 | AF60: 30.89 | AG60: 84.84 | AH60: 143.33 | AI60: 145.75 | AJ60: 54.86 | AK60: 27.02 | AL60: 21.53 | AM60: 23.97 | AN60: 21.73 | AO60: 20.92 | AP60: 22.34 | AQ60: 21.53 | AR60: 21.53 | AS60: 19.09 | AT60: 18.69 | AU60: 20.72 | AV60: 19.3 | AW60: 19.5 | AX60: 18.69 | AY60: 19.5 | AZ60: 17.88 | BA60: 20.52 | BB60: 21.12 | BC60: 21.73 | BD60: 19.3 | BE60: 18.89 | BF60: 20.31 | BG60: 20.11 | BH60: 19.91 | BI60: 19.91 | BJ60: 28.25 | BK60: 32.5 | BL60: 32.7 | BM60: 33.31 | BN60: 30.06 | BO60: 23.78 | BP60: 20.72 | BQ60: 21.94 | BR60: 52.14 | BS60: 121.97 | BT60: 138.77 | BU60: 202.23 | BV60: 157.64 | BW60: 51.06 | BX60: 24.58 | BY60: 19.5 | BZ60: 19.09 | CA60: 18.89 | CB60: 19.91 | CC60: 19.91 | CD60: 21.53 | CE60: 22.14 | CF60: 21.33 | CG60: 22.75 | CH60: 23.16 | CI60: 18.89 | CJ60: 18.08 | CK60: 19.5 | CL60: 20.92 | CM60: 18.48 | CN60: 19.09 | CO60: 18.48 | CP60: 16.86 | CQ60: 17.06 | CR60: 19.7 | CS60: 19.91 | CT60: 17.88 | CU60: 18.69 | CV60: 17.06 | CW60: 17.88 | CX60: 16.86 | CY60: 17.88 | CZ60: 18.89 | DA60: 16.45 | DB60: 16.25 | DC60: 17.88 | DD60: 16.05 | DE60: 15.64 | DF60: 15.64 | DG60: 18.48 | DH60: 26.23 | DI60: 110.62 | DJ60: 77.42 | DK60: 70.53 | DL60: 41.8 | DM60: 22.14 | DN60: 21.12 | DO60: 18.48 | DP60: 15.84 | DQ60: 14.42 | DR60: 15.23 | DS60: 14.62 | DT60: 22.59 | DU60: 23.78 | DV60: 16.66 | DW60: 18.28 | DX60: 18.69 | DY60: 15.98
B61: 25.33 | C61: 23.36 | D61: 19.7 | E61: 19.7 | F61: 17.67 | G61: 21.33 | H61: 22.14 | I61: 16.45 | J61: 20.52 | K61: 24.38 | L61: 23.97 | M61: 26.41 | N61: 26 | O61: 23.36 | P61: 18.89 | Q61: 18.69 | R61: 19.09 | S61: 18.28 | T61: 18.89 | U61: 19.3 | V61: 20.11 | W61: 21.94 | X61: 21.53 | Y61: 21.94 | Z61: 24.17 | AA61: 32.33 | AB61: 98.3 | AC61: 39.5 | AD61: 22.34 | AE61: 20.92 | AF61: 23.56 | AG61: 24.58 | AH61: 69.14 | AI61: 153.94 | AJ61: 134.73 | AK61: 46.91 | AL61: 27.02 | AM61: 24.98 | AN61: 21.53 | AO61: 22.95 | AP61: 19.3 | AQ61: 21.12 | AR61: 21.33 | AS61: 18.48 | AT61: 16.45 | AU61: 17.47 | AV61: 20.72 | AW61: 21.73 | AX61: 20.11 | AY61: 19.5 | AZ61: 22.14 | BA61: 26.02 | BB61: 24.78 | BC61: 30.69 | BD61: 22.95 | BE61: 22.95 | BF61: 22.95 | BG61: 24.58 | BH61: 28.03 | BI61: 32.11 | BJ61: 40.45 | BK61: 33.77 | BL61: 30.06 | BM61: 24.98 | BN61: 20.11 | BO61: 22.95 | BP61: 20.72 | BQ61: 18.08 | BR61: 26.02 | BS61: 87.06 | BT61: 139.89 | BU61: 175.73 | BV61: 180.88 | BW61: 107.17 | BX61: 36.78 | BY61: 22.77 | BZ61: 22.34 | CA61: 19.5 | CB61: 18.89 | CC61: 19.3 | CD61: 20.11 | CE61: 21.12 | CF61: 22.75 | CG61: 22.14 | CH61: 29.05 | CI61: 19.09 | CJ61: 21.33 | CK61: 20.11 | CL61: 17.47 | CM61: 17.06 | CN61: 17.47 | CO61: 18.08 | CP61: 17.06 | CQ61: 17.27 | CR61: 21.12 | CS61: 16.05 | CT61: 15.64 | CU61: 18.08 | CV61: 16.45 | CW61: 17.06 | CX61: 15.03 | CY61: 14.62 | CZ61: 16.45 | DA61: 17.06 | DB61: 15.23 | DC61: 14.22 | DD61: 19.73 | DE61: 16.25 | DF61: 19.09 | DG61: 16.45 | DH61: 18.28 | DI61: 80.94 | DJ61: 94.09 | DK61: 64.11 | DL61: 67.77 | DM61: 23.77 | DN61: 22.34 | DO61: 22.14 | DP61: 17.06 | DQ61: 15.44 | DR61: 15.44 | DS61: 15.03 | DT61: 15.84 | DU61: 17.69 | DV61: 16.25 | DW61: 19.3 | DX61: 17.27 | DY61: 17.2
A62: 15 | B62: 26.33 | C62: 20.52 | D62: 19.3 | E62: 18.69 | F62: 16.86 | G62: 19.09 | H62: 17.06 | I62: 18.69 | J62: 21.12 | K62: 23.97 | L62: 22.95 | M62: 21.73 | N62: 21.75 | O62: 19.09 | P62: 16.45 | Q62: 17.88 | R62: 20.11 | S62: 19.09 | T62: 19.7 | U62: 19.91 | V62: 21.73 | W62: 22.95 | X62: 20.31 | Y62: 22.75 | Z62: 25.8 | AA62: 61.36 | AB62: 78.42 | AC62: 28.44 | AD62: 24.17 | AE62: 21.53 | AF62: 27.83 | AG62: 24.98 | AH62: 26 | AI62: 64.11 | AJ62: 153.47 | AK62: 163.41 | AL62: 62.59 | AM62: 30.27 | AN62: 25.8 | AO62: 22.34 | AP62: 20.52 | AQ62: 21.94 | AR62: 18.08 | AS62: 17.06 | AT62: 16.45 | AU62: 15.64 | AV62: 16.25 | AW62: 17.27 | AX62: 17.67 | AY62: 17.88 | AZ62: 20.31 | BA62: 21.33 | BB62: 23.97 | BC62: 27.22 | BD62: 27.42 | BE62: 28.23 | BF62: 28.23 | BG62: 28.84 | BH62: 35.36 | BI62: 34.14 | BJ62: 25.8 | BK62: 22.75 | BL62: 22.36 | BM62: 22.95 | BN62: 22.14 | BO62: 22.55 | BP62: 21.73 | BQ62: 18.69 | BR62: 20.72 | BS62: 48.61 | BT62: 142.83 | BU62: 152.39 | BV62: 187.11 | BW62: 147.44 | BX62: 67.16 | BY62: 26.22 | BZ62: 19.3 | CA62: 20.52 | CB62: 18.69 | CC62: 19.7 | CD62: 22.16 | CE62: 22.34 | CF62: 20.52 | CG62: 22.95 | CH62: 23.36 | CI62: 24.17 | CJ62: 21.53 | CK62: 21.12 | CL62: 17.06 | CM62: 17.67 | CN62: 15.23 | CO62: 17.06 | CP62: 21.14 | CQ62: 19.3 | CR62: 17.47 | CS62: 16.86 | CT62: 18.89 | CU62: 24.8 | CV62: 17.47 | CW62: 14.62 | CX62: 13.41 | CY62: 14.42 | CZ62: 16.66 | DA62: 16.45 | DB62: 15.64 | DC62: 15.64 | DD62: 15.03 | DE62: 14.42 | DF62: 15.23 | DG62: 15.64 | DH62: 17.06 | DI62: 53.86 | DJ62: 102.67 | DK62: 68.08 | DL62: 75.31 | DM62: 26.42 | DN62: 20.52 | DO62: 21.53 | DP62: 18.48 | DQ62: 18.08 | DR62: 15.84 | DS62: 17.06 | DT62: 15.03 | DU62: 15.03 | DV62: 15.64 | DW62: 17.88 | DX62: 17.06 | DY62: 15.17
B63: 31.59 | C63: 20.52 | D63: 18.69 | E63: 15.64 | F63: 16.45 | G63: 17.88 | H63: 20.11 | I63: 20.92 | J63: 21.53 | K63: 21.53 | L63: 23.36 | M63: 19.3 | N63: 21.12 | O63: 18.69 | P63: 17.88 | Q63: 18.69 | R63: 16.45 | S63: 19.09 | T63: 18.28 | U63: 19.91 | V63: 20.72 | W63: 19.91 | X63: 26.2 | Y63: 29.86 | Z63: 35.98 | AA63: 77.41 | AB63: 38.67 | AC63: 26.61 | AD63: 20.52 | AE63: 19.5 | AF63: 25.19 | AG63: 27.62 | AH63: 24.19 | AI63: 30.06 | AJ63: 117 | AK63: 181.75 | AL63: 129.23 | AM63: 49.36 | AN63: 23.77 | AO63: 22.55 | AP63: 21.53 | AQ63: 21.94 | AR63: 18.69 | AS63: 18.69 | AT63: 16.86 | AU63: 14.42 | AV63: 15.84 | AW63: 16.05 | AX63: 15.44 | AY63: 14.62 | AZ63: 16.05 | BA63: 16.86 | BB63: 18.48 | BC63: 21.33 | BD63: 25 | BE63: 26.83 | BF63: 29.86 | BG63: 27.22 | BH63: 26.61 | BI63: 22.34 | BJ63: 22.34 | BK63: 19.7 | BL63: 23.16 | BM63: 22.75 | BN63: 23.38 | BO63: 22.55 | BP63: 21.53 | BQ63: 20.72 | BR63: 19.5 | BS63: 24.38 | BT63: 82.14 | BU63: 147.88 | BV63: 178.61 | BW63: 176.02 | BX63: 107.2 | BY63: 40.3 | BZ63: 23.56 | CA63: 19.09 | CB63: 18.28 | CC63: 17.88 | CD63: 22.14 | CE63: 20.52 | CF63: 21.73 | CG63: 20.31 | CH63: 21.12 | CI63: 20.52 | CJ63: 21.73 | CK63: 19.91 | CL63: 19.5 | CM63: 20.31 | CN63: 17.47 | CO63: 19.09 | CP63: 19.91 | CQ63: 16.86 | CR63: 20.72 | CS63: 20.31 | CT63: 20.92 | CU63: 21.73 | CV63: 17.27 | CW63: 13 | CX63: 15.44 | CY63: 13.61 | CZ63: 14.83 | DA63: 16.86 | DB63: 16.86 | DC63: 15.84 | DD63: 14.62 | DE63: 15.64 | DF63: 14.83 | DG63: 15.03 | DH63: 15.23 | DI63: 29.53 | DJ63: 85.69 | DK63: 72.44 | DL63: 77.84 | DM63: 31.95 | DN63: 23.16 | DO63: 18.48 | DP63: 18.08 | DQ63: 19.09 | DR63: 22.75 | DS63: 15.64 | DT63: 15.03 | DU63: 14.62 | DV63: 15.84 | DW63: 17.06 | DX63: 16.45 | DY63: 18.62
B64: 46.48 | C64: 22.14 | D64: 19.7 | E64: 17.06 | F64: 15.64 | G64: 15.44 | H64: 16.66 | I64: 19.3 | J64: 18.48 | K64: 19.3 | L64: 18.48 | M64: 18.08 | N64: 17.88 | O64: 16.45 | P64: 15.23 | Q64: 16.86 | R64: 18.69 | S64: 19.09 | T64: 18.89 | U64: 21.94 | V64: 22.34 | W64: 24.58 | X64: 31.08 | Y64: 29.45 | Z64: 57.23 | AA64: 70.06 | AB64: 24.98 | AC64: 20.92 | AD64: 23.38 | AE64: 22.95 | AF64: 24.98 | AG64: 23.36 | AH64: 22.36 | AI64: 25.59 | AJ64: 33.72 | AK64: 105.38 | AL64: 135.14 | AM64: 102.59 | AN64: 40.16 | AO64: 21.33 | AP64: 19.5 | AQ64: 19.5 | AR64: 19.91 | AS64: 18.89 | AT64: 17.88 | AU64: 17.06 | AV64: 16.25 | AW64: 15.03 | AX64: 14.83 | AY64: 16.05 | AZ64: 15.44 | BA64: 15.64 | BB64: 18.28 | BC64: 17.27 | BD64: 19.5 | BE64: 24.58 | BF64: 25.8 | BG64: 24.98 | BH64: 21.33 | BI64: 19.7 | BJ64: 22.34 | BK64: 21.34 | BL64: 21.33 | BM64: 21.73 | BN64: 22.55 | BO64: 23.16 | BP64: 22.14 | BQ64: 24.17 | BR64: 24.78 | BS64: 30.48 | BT64: 83.78 | BU64: 149.59 | BV64: 161.86 | BW64: 162.19 | BX64: 166.17 | BY64: 97.92 | BZ64: 33.34 | CA64: 22.34 | CB64: 18.69 | CC64: 16.45 | CD64: 17.06 | CE64: 18.48 | CF64: 20.52 | CG64: 20.31 | CH64: 23.97 | CI64: 19.7 | CJ64: 19.7 | CK64: 20.52 | CL64: 22.55 | CM64: 19.3 | CN64: 19.09 | CO64: 21.73 | CP64: 17.88 | CQ64: 17.27 | CR64: 19.09 | CS64: 20.52 | CT64: 18.48 | CU64: 17.47 | CV64: 14.83 | CW64: 15.64 | CX64: 14.02 | CY64: 13.81 | CZ64: 13.2 | DA64: 14.42 | DB64: 14.22 | DC64: 12.19 | DD64: 12.59 | DE64: 14.22 | DF64: 15.84 | DG64: 15.23 | DH64: 15.84 | DI64: 25 | DJ64: 73.92 | DK64: 75.31 | DL64: 85.16 | DM64: 27.44 | DN64: 22.95 | DO64: 20.11 | DP64: 17.67 | DQ64: 20.31 | DR64: 20.11 | DS64: 16.45 | DT64: 17.27 | DU64: 16.25 | DV64: 16.86 | DW64: 18.48 | DX64: 17.67 | DY64: 16.39
B65: 89.94 | C65: 28.64 | D65: 18.08 | E65: 17.47 | F65: 18.48 | G65: 16.05 | H65: 15.23 | I65: 16.86 | J65: 16.66 | K65: 16.66 | L65: 19.5 | M65: 18.69 | N65: 20.53 | O65: 18.48 | P65: 18.48 | Q65: 19.09 | R65: 20.72 | S65: 21.94 | T65: 23.16 | U65: 25.8 | V65: 24.38 | W65: 25.8 | X65: 32.11 | Y65: 34.94 | Z65: 85.33 | AA65: 56.81 | AB65: 29.55 | AC65: 21.94 | AD65: 29.72 | AE65: 28.44 | AF65: 26.41 | AG65: 22.14 | AH65: 22.75 | AI65: 22.75 | AJ65: 27.62 | AK65: 40.08 | AL65: 108.03 | AM65: 96.11 | AN65: 67.17 | AO65: 22.95 | AP65: 18.28 | AQ65: 28.28 | AR65: 20.52 | AS65: 20.11 | AT65: 20.92 | AU65: 23.16 | AV65: 20.52 | AW65: 16.45 | AX65: 16.05 | AY65: 15.23 | AZ65: 28.7 | BA65: 16.05 | BB65: 16.25 | BC65: 18.69 | BD65: 20.52 | BE65: 25.8 | BF65: 22.55 | BG65: 21.33 | BH65: 23.44 | BI65: 20.72 | BJ65: 22.14 | BK65: 19.09 | BL65: 20.72 | BM65: 22.95 | BN65: 28.25 | BO65: 56.89 | BP65: 67.69 | BQ65: 84.11 | BR65: 80.45 | BS65: 129.81 | BT65: 140 | BU65: 136.97 | BV65: 145.39 | BW65: 148.45 | BX65: 189.38 | BY65: 153.03 | BZ65: 71.33 | CA65: 31.09 | CB65: 23.56 | CC65: 17.27 | CD65: 17.67 | CE65: 19.7 | CF65: 18.48 | CG65: 18.89 | CH65: 20.31 | CI65: 17.06 | CJ65: 17.88 | CK65: 20.33 | CL65: 21.12 | CM65: 19.91 | CN65: 21.33 | CO65: 21.73 | CP65: 18.48 | CQ65: 18.69 | CR65: 18.08 | CS65: 18.5 | CT65: 18.48 | CU65: 16.45 | CV65: 14.62 | CW65: 13.81 | CX65: 14.62 | CY65: 14.22 | CZ65: 14.22 | DA65: 13.41 | DB65: 13.2 | DC65: 13 | DD65: 11.38 | DE65: 14.22 | DF65: 13.2 | DG65: 13.81 | DH65: 14.83 | DI65: 17.67 | DJ65: 63.59 | DK65: 76.39 | DL65: 73.8 | DM65: 26.81 | DN65: 20.72 | DO65: 21.94 | DP65: 19.7 | DQ65: 22.55 | DR65: 19.3 | DS65: 17.88 | DT65: 17.47 | DU65: 17.27 | DV65: 16.66 | DW65: 19.5 | DX65: 17.47 | DY65: 14.56
A66: 16 | B66: 123.69 | C66: 52.27 | D66: 22.95 | E66: 19.5 | F66: 17.27 | G66: 17.88 | H66: 20.11 | I66: 22.55 | J66: 17.27 | K66: 17.06 | L66: 17.67 | M66: 17.67 | N66: 16.05 | O66: 16.86 | P66: 19.7 | Q66: 20.11 | R66: 25.8 | S66: 28.06 | T66: 23.56 | U66: 24.17 | V66: 26.61 | W66: 27.83 | X66: 38.66 | Y66: 60.34 | Z66: 106.98 | AA66: 30.08 | AB66: 23.36 | AC66: 26 | AD66: 24.17 | AE66: 22.95 | AF66: 21.33 | AG66: 21.53 | AH66: 21.73 | AI66: 22.14 | AJ66: 27.22 | AK66: 27.22 | AL66: 60.56 | AM66: 97.23 | AN66: 73.3 | AO66: 42.41 | AP66: 20.11 | AQ66: 20.31 | AR66: 16.66 | AS66: 19.3 | AT66: 19.09 | AU66: 20.11 | AV66: 23.36 | AW66: 18.48 | AX66: 20.94 | AY66: 16.25 | AZ66: 19.31 | BA66: 17.27 | BB66: 17.88 | BC66: 21.73 | BD66: 23.77 | BE66: 29.25 | BF66: 22.55 | BG66: 19.7 | BH66: 20.31 | BI66: 19.7 | BJ66: 20.52 | BK66: 19.3 | BL66: 24.39 | BM66: 45.05 | BN66: 72.48 | BO66: 118.27 | BP66: 161.92 | BQ66: 170.06 | BR66: 122.86 | BS66: 158.95 | BT66: 159.11 | BU66: 133.05 | BV66: 148.67 | BW66: 155.78 | BX66: 192.55 | BY66: 192.08 | BZ66: 148.41 | CA66: 51.2 | CB66: 22.75 | CC66: 17.88 | CD66: 18.69 | CE66: 17.88 | CF66: 18.89 | CG66: 22.95 | CH66: 19.3 | CI66: 17.06 | CJ66: 16.05 | CK66: 18.89 | CL66: 17.67 | CM66: 21.94 | CN66: 21.12 | CO66: 22.14 | CP66: 20.11 | CQ66: 21.12 | CR66: 20.52 | CS66: 18.28 | CT66: 17.88 | CU66: 15.03 | CV66: 14.42 | CW66: 14.02 | CX66: 14.62 | CY66: 14.22 | CZ66: 14.42 | DA66: 13.2 | DB66: 12.59 | DC66: 13.41 | DD66: 13.41 | DE66: 12.39 | DF66: 12.8 | DG66: 14.02 | DH66: 14.22 | DI66: 17.88 | DJ66: 53.19 | DK66: 85.12 | DL66: 70.94 | DM66: 24.98 | DN66: 21.73 | DO66: 22.14 | DP66: 21.33 | DQ66: 25.83 | DR66: 21.73 | DS66: 17.47 | DT66: 17.67 | DU66: 15.23 | DV66: 16.86 | DW66: 15.44 | DX66: 16.05 | DY66: 15.38
B67: 114.34 | C67: 88.39 | D67: 28.03 | E67: 26.61 | F67: 24.38 | G67: 23.77 | H67: 27.62 | I67: 25.39 | J67: 19.3 | K67: 17.88 | L67: 19.09 | M67: 19.91 | N67: 17.88 | O67: 19.3 | P67: 20.11 | Q67: 23.97 | R67: 24.78 | S67: 25.19 | T67: 26.2 | U67: 25.39 | V67: 23.16 | W67: 49.38 | X67: 64.28 | Y67: 73.47 | Z67: 81.05 | AA67: 25.59 | AB67: 22.95 | AC67: 24.38 | AD67: 22.95 | AE67: 20.31 | AF67: 19.91 | AG67: 21.94 | AH67: 21.53 | AI67: 25.39 | AJ67: 23.56 | AK67: 24.58 | AL67: 32.5 | AM67: 94.05 | AN67: 66.97 | AO67: 58.17 | AP67: 22.55 | AQ67: 20.52 | AR67: 19.5 | AS67: 21.12 | AT67: 19.7 | AU67: 19.3 | AV67: 17.88 | AW67: 22.95 | AX67: 22.14 | AY67: 21.53 | AZ67: 16.86 | BA67: 16.86 | BB67: 18.69 | BC67: 18.69 | BD67: 19.91 | BE67: 20.92 | BF67: 20.31 | BG67: 21.53 | BH67: 20.31 | BI67: 18.48 | BJ67: 19.3 | BK67: 19.3 | BL67: 41.52 | BM67: 48.92 | BN67: 49.7 | BO67: 65.17 | BP67: 102.23 | BQ67: 122.27 | BR67: 136.86 | BS67: 85.86 | BT67: 82.81 | BU67: 90.52 | BV67: 97.39 | BW67: 100.08 | BX67: 149.72 | BY67: 188.69 | BZ67: 177.83 | CA67: 105.94 | CB67: 31.91 | CC67: 17.06 | CD67: 15.84 | CE67: 17.27 | CF67: 16.86 | CG67: 21.53 | CH67: 19.7 | CI67: 18.08 | CJ67: 16.86 | CK67: 17.06 | CL67: 17.27 | CM67: 16.45 | CN67: 18.28 | CO67: 21.53 | CP67: 18.69 | CQ67: 19.7 | CR67: 24.38 | CS67: 21.73 | CT67: 16.86 | CU67: 15.23 | CV67: 13.61 | CW67: 14.62 | CX67: 13 | CY67: 15.44 | CZ67: 16.45 | DA67: 16.67 | DB67: 13.41 | DC67: 13.61 | DD67: 13.61 | DE67: 14.83 | DF67: 14.22 | DG67: 14.22 | DH67: 15.64 | DI67: 17.67 | DJ67: 53.14 | DK67: 115.41 | DL67: 63.48 | DM67: 22.34 | DN67: 21.73 | DO67: 21.12 | DP67: 20.31 | DQ67: 20.52 | DR67: 21.94 | DS67: 21.33 | DT67: 20.31 | DU67: 19.09 | DV67: 17.27 | DW67: 15.64 | DX67: 16.05 | DY67: 14.36
B68: 102.55 | C68: 104.47 | D68: 40.12 | E68: 28.23 | F68: 26.61 | G68: 25.19 | H68: 25.8 | I68: 25.59 | J68: 26.41 | K68: 22.95 | L68: 18.69 | M68: 19.5 | N68: 18.48 | O68: 19.5 | P68: 23.97 | Q68: 22.14 | R68: 26.2 | S68: 23.56 | T68: 25.39 | U68: 26.41 | V68: 39.52 | W68: 68.05 | X68: 56 | Y68: 60.31 | Z68: 71.88 | AA68: 26.61 | AB68: 24.98 | AC68: 22.34 | AD68: 25.39 | AE68: 21.33 | AF68: 22.34 | AG68: 18.69 | AH68: 22.75 | AI68: 28.03 | AJ68: 21.12 | AK68: 27.23 | AL68: 30.47 | AM68: 76.34 | AN68: 66.83 | AO68: 57.47 | AP68: 38.67 | AQ68: 22.75 | AR68: 24.58 | AS68: 21.94 | AT68: 21.33 | AU68: 19.09 | AV68: 20.31 | AW68: 20.92 | AX68: 20.92 | AY68: 17.06 | AZ68: 15.84 | BA68: 17.88 | BB68: 17.88 | BC68: 17.88 | BD68: 21.12 | BE68: 25.59 | BF68: 26 | BG68: 19.09 | BH68: 19.09 | BI68: 20.11 | BJ68: 17.88 | BK68: 20.52 | BL68: 47.92 | BM68: 51.3 | BN68: 59.52 | BO68: 75.56 | BP68: 100.36 | BQ68: 131.16 | BR68: 62.52 | BS68: 28.44 | BT68: 24.17 | BU68: 25.59 | BV68: 21.73 | BW68: 27.83 | BX68: 70.31 | BY68: 159.31 | BZ68: 189.25 | CA68: 142.7 | CB68: 42.38 | CC68: 21.53 | CD68: 16.66 | CE68: 19.7 | CF68: 18.89 | CG68: 18.69 | CH68: 20.11 | CI68: 18.89 | CJ68: 15.84 | CK68: 20.52 | CL68: 17.27 | CM68: 18.08 | CN68: 16.66 | CO68: 16.86 | CP68: 16.66 | CQ68: 18.89 | CR68: 25.19 | CS68: 23.36 | CT68: 21.73 | CU68: 17.47 | CV68: 15.23 | CW68: 13.41 | CX68: 13.2 | CY68: 16.66 | CZ68: 17.47 | DA68: 15.44 | DB68: 13.41 | DC68: 13.41 | DD68: 13 | DE68: 14.83 | DF68: 15.44 | DG68: 15.84 | DH68: 16.25 | DI68: 20.31 | DJ68: 63.12 | DK68: 122.66 | DL68: 42.2 | DM68: 22.95 | DN68: 20.52 | DO68: 20.31 | DP68: 18.48 | DQ68: 19.09 | DR68: 18.69 | DS68: 18.89 | DT68: 19.7 | DU68: 19.3 | DV68: 14.62 | DW68: 15.84 | DX68: 16.25 | DY68: 13.95
B69: 103.11 | C69: 100.39 | D69: 56.39 | E69: 25.39 | F69: 21.53 | G69: 21.94 | H69: 20.31 | I69: 25.19 | J69: 27.62 | K69: 30.48 | L69: 22.14 | M69: 18.69 | N69: 17.47 | O69: 18.69 | P69: 18.89 | Q69: 26.2 | R69: 24.98 | S69: 24.98 | T69: 26.2 | U69: 38.5 | V69: 72.22 | W69: 65.36 | X69: 58.66 | Y69: 64.72 | Z69: 45.88 | AA69: 29.45 | AB69: 25.19 | AC69: 23.16 | AD69: 27.44 | AE69: 21.33 | AF69: 22.95 | AG69: 17.88 | AH69: 19.09 | AI69: 23.16 | AJ69: 25.59 | AK69: 24.38 | AL69: 26.61 | AM69: 58.92 | AN69: 77.64 | AO69: 48.58 | AP69: 57.75 | AQ69: 27.83 | AR69: 25.8 | AS69: 24.78 | AT69: 18.28 | AU69: 19.7 | AV69: 24.41 | AW69: 48.72 | AX69: 21.12 | AY69: 17.47 | AZ69: 18.08 | BA69: 18.89 | BB69: 17.27 | BC69: 17.67 | BD69: 30.12 | BE69: 119.89 | BF69: 77.38 | BG69: 22.14 | BH69: 18.69 | BI69: 21.12 | BJ69: 18.08 | BK69: 17.67 | BL69: 26.62 | BM69: 47.88 | BN69: 68.14 | BO69: 77.12 | BP69: 65.42 | BQ69: 33.84 | BR69: 22.14 | BS69: 19.91 | BT69: 19.91 | BU69: 17.88 | BV69: 18.48 | BW69: 20.31 | BX69: 26.81 | BY69: 109.75 | BZ69: 186.7 | CA69: 199.25 | CB69: 66.5 | CC69: 25.44 | CD69: 16.05 | CE69: 21.33 | CF69: 18.48 | CG69: 18.48 | CH69: 19.5 | CI69: 19.09 | CJ69: 17.27 | CK69: 18.69 | CL69: 15.84 | CM69: 19.5 | CN69: 17.67 | CO69: 17.67 | CP69: 17.06 | CQ69: 17.27 | CR69: 20.11 | CS69: 24.17 | CT69: 22.75 | CU69: 24.17 | CV69: 18.89 | CW69: 17.27 | CX69: 14.62 | CY69: 16.45 | CZ69: 15.84 | DA69: 13.61 | DB69: 15.44 | DC69: 14.83 | DD69: 15.23 | DE69: 13.61 | DF69: 14.83 | DG69: 15.84 | DH69: 16.66 | DI69: 20.11 | DJ69: 100.42 | DK69: 110.77 | DL69: 31.73 | DM69: 26.61 | DN69: 23.16 | DO69: 19.7 | DP69: 19.09 | DQ69: 20.31 | DR69: 20.92 | DS69: 21.53 | DT69: 22.95 | DU69: 18.28 | DV69: 15.44 | DW69: 15.64 | DX69: 13.81 | DY69: 14.56
A70: 17 | B70: 86.92 | C70: 94.7 | D70: 92.02 | E70: 31.36 | F70: 24.38 | G70: 22.75 | H70: 20.52 | I70: 23.56 | J70: 23.56 | K70: 31.08 | L70: 25.19 | M70: 18.28 | N70: 18.08 | O70: 18.08 | P70: 19.3 | Q70: 21.12 | R70: 22.14 | S70: 27.44 | T70: 40.16 | U70: 92.23 | V70: 72.61 | W70: 68.67 | X70: 80.78 | Y70: 72.14 | Z70: 29.27 | AA70: 26.61 | AB70: 25.19 | AC70: 26 | AD70: 28.7 | AE70: 23.56 | AF70: 17.67 | AG70: 15.64 | AH70: 16.25 | AI70: 20.11 | AJ70: 23.56 | AK70: 25.39 | AL70: 27.22 | AM70: 38.88 | AN70: 90.59 | AO70: 57.08 | AP70: 64.06 | AQ70: 34.75 | AR70: 28.64 | AS70: 19.3 | AT70: 17.88 | AU70: 19.7 | AV70: 20.72 | AW70: 24.8 | AX70: 22.14 | AY70: 16.25 | AZ70: 18.28 | BA70: 18.69 | BB70: 18.08 | BC70: 19.5 | BD70: 27.22 | BE70: 93.73 | BF70: 148.67 | BG70: 46.38 | BH70: 20.92 | BI70: 19.3 | BJ70: 19.91 | BK70: 17.06 | BL70: 18.48 | BM70: 18.28 | BN70: 23.77 | BO70: 19.7 | BP70: 22.56 | BQ70: 19.91 | BR70: 21.12 | BS70: 21.33 | BT70: 19.09 | BU70: 17.67 | BV70: 19.09 | BW70: 19.91 | BX70: 21.94 | BY70: 38.52 | BZ70: 154.39 | CA70: 211.28 | CB70: 90.8 | CC70: 25.19 | CD70: 16.45 | CE70: 17.88 | CF70: 20.52 | CG70: 20.31 | CH70: 17.06 | CI70: 19.5 | CJ70: 16.86 | CK70: 19.3 | CL70: 18.48 | CM70: 19.91 | CN70: 17.27 | CO70: 16.86 | CP70: 17.88 | CQ70: 18.69 | CR70: 20.31 | CS70: 23.56 | CT70: 24.58 | CU70: 23.77 | CV70: 21.73 | CW70: 20.31 | CX70: 17.67 | CY70: 16.05 | CZ70: 15.64 | DA70: 16.05 | DB70: 14.83 | DC70: 15.03 | DD70: 16.86 | DE70: 15.03 | DF70: 14.83 | DG70: 15.64 | DH70: 23.78 | DI70: 61.64 | DJ70: 126.83 | DK70: 65.73 | DL70: 28.03 | DM70: 27.22 | DN70: 24.58 | DO70: 23.56 | DP70: 24.58 | DQ70: 30.08 | DR70: 31.72 | DS70: 32.95 | DT70: 30.69 | DU70: 20.11 | DV70: 19.91 | DW70: 19.09 | DX70: 16.86 | DY70: 15.58
B71: 61.56 | C71: 86.83 | D71: 82.3 | E71: 46.88 | F71: 32.31 | G71: 28.23 | H71: 27.62 | I71: 23.56 | J71: 25.8 | K71: 28.44 | L71: 29.86 | M71: 22.75 | N71: 21.94 | O71: 18.69 | P71: 21.12 | Q71: 20.72 | R71: 23.97 | S71: 27.02 | T71: 124.31 | U71: 110.94 | V71: 88.05 | W71: 85.52 | X71: 67.17 | Y71: 28.66 | Z71: 24.38 | AA71: 24.78 | AB71: 25.39 | AC71: 22.75 | AD71: 22.34 | AE71: 21.94 | AF71: 21.53 | AG71: 15.64 | AH71: 16.66 | AI71: 18.28 | AJ71: 20.11 | AK71: 20.92 | AL71: 23.16 | AM71: 29.05 | AN71: 74.55 | AO71: 86.62 | AP71: 72.88 | AQ71: 30.67 | AR71: 22.14 | AS71: 18.48 | AT71: 21.33 | AU71: 20.31 | AV71: 22.14 | AW71: 20.31 | AX71: 20.52 | AY71: 16.05 | AZ71: 15.84 | BA71: 16.25 | BB71: 16.45 | BC71: 18.28 | BD71: 19.3 | BE71: 36.67 | BF71: 108.47 | BG71: 133.64 | BH71: 93.39 | BI71: 42.28 | BJ71: 23.56 | BK71: 17.06 | BL71: 18.89 | BM71: 16.86 | BN71: 18.08 | BO71: 16.86 | BP71: 18.48 | BQ71: 19.7 | BR71: 19.09 | BS71: 20.11 | BT71: 17.47 | BU71: 15.23 | BV71: 17.47 | BW71: 18.08 | BX71: 20.53 | BY71: 24.17 | BZ71: 87.77 | CA71: 210.67 | CB71: 149.2 | CC71: 32.11 | CD71: 19.09 | CE71: 17.67 | CF71: 20.31 | CG71: 19.5 | CH71: 18.08 | CI71: 16.66 | CJ71: 17.88 | CK71: 16.25 | CL71: 16.25 | CM71: 17.27 | CN71: 17.67 | CO71: 18.69 | CP71: 17.27 | CQ71: 18.28 | CR71: 18.48 | CS71: 21.94 | CT71: 23.97 | CU71: 26.61 | CV71: 23.16 | CW71: 25.19 | CX71: 21.94 | CY71: 21.33 | CZ71: 22.34 | DA71: 17.88 | DB71: 18.69 | DC71: 16.45 | DD71: 15.84 | DE71: 15.23 | DF71: 17.67 | DG71: 19.5 | DH71: 51.06 | DI71: 105.19 | DJ71: 99.52 | DK71: 35.98 | DL71: 26.81 | DM71: 26.2 | DN71: 37.86 | DO71: 59.81 | DP71: 70.39 | DQ71: 79.7 | DR71: 100.33 | DS71: 89.95 | DT71: 67.28 | DU71: 60.53 | DV71: 30.69 | DW71: 21.94 | DX71: 18.08 | DY71: 19.64
B72: 23.91 | C72: 36.44 | D72: 51.88 | E72: 110.94 | F72: 55.33 | G72: 26.42 | H72: 22.34 | I72: 21.94 | J72: 24.38 | K72: 29.86 | L72: 23.36 | M72: 21.12 | N72: 22.75 | O72: 18.69 | P72: 19.09 | Q72: 20.52 | R72: 22.34 | S72: 80.77 | T72: 129.94 | U72: 99.75 | V72: 93.25 | W72: 57.66 | X72: 27.42 | Y72: 24.78 | Z72: 23.97 | AA72: 23.16 | AB72: 24.17 | AC72: 22.55 | AD72: 21.33 | AE72: 19.7 | AF72: 18.48 | AG72: 16.05 | AH72: 18.08 | AI72: 17.67 | AJ72: 20.11 | AK72: 21.33 | AL72: 20.11 | AM72: 22.95 | AN72: 47.11 | AO72: 129.94 | AP72: 89.69 | AQ72: 29.25 | AR72: 21.53 | AS72: 19.09 | AT72: 20.92 | AU72: 18.48 | AV72: 20.11 | AW72: 19.91 | AX72: 18.28 | AY72: 18.48 | AZ72: 17.67 | BA72: 16.05 | BB72: 18.48 | BC72: 17.47 | BD72: 19.09 | BE72: 23.56 | BF72: 35.66 | BG72: 103.27 | BH72: 89.14 | BI72: 33.83 | BJ72: 23.98 | BK72: 19.3 | BL72: 17.06 | BM72: 16.25 | BN72: 18.7 | BO72: 17.47 | BP72: 18.89 | BQ72: 15.64 | BR72: 17.67 | BS72: 19.91 | BT72: 18.69 | BU72: 16.45 | BV72: 17.27 | BW72: 22.61 | BX72: 21.12 | BY72: 23.97 | BZ72: 47.95 | CA72: 199.05 | CB72: 203.02 | CC72: 52.52 | CD72: 21.12 | CE72: 20.11 | CF72: 18.28 | CG72: 19.3 | CH72: 20.31 | CI72: 19.3 | CJ72: 20.52 | CK72: 20.92 | CL72: 20.11 | CM72: 16.05 | CN72: 15.84 | CO72: 16.25 | CP72: 17.88 | CQ72: 19.09 | CR72: 20.11 | CS72: 18.89 | CT72: 20.92 | CU72: 25.59 | CV72: 28.05 | CW72: 24.78 | CX72: 23.36 | CY72: 21.94 | CZ72: 22.14 | DA72: 25.39 | DB72: 22.14 | DC72: 20.12 | DD72: 18.69 | DE72: 20.72 | DF72: 18.08 | DG72: 20.72 | DH72: 55.78 | DI72: 83.86 | DJ72: 86.8 | DK72: 50.81 | DL72: 60.97 | DM72: 77.3 | DN72: 93.31 | DO72: 106.8 | DP72: 106.44 | DQ72: 110.89 | DR72: 109.11 | DS72: 122.8 | DT72: 89.95 | DU72: 103.5 | DV72: 75.39 | DW72: 42.53 | DX72: 28.25 | DY72: 22.89
B73: 18.61 | C73: 22.55 | D73: 44.47 | E73: 123.89 | F73: 104.06 | G73: 55.86 | H73: 24.98 | I73: 26 | J73: 23.36 | K73: 24.98 | L73: 19.7 | M73: 21.73 | N73: 22.75 | O73: 22.95 | P73: 17.27 | Q73: 22.75 | R73: 24.38 | S73: 110.86 | T73: 116.58 | U73: 109.83 | V73: 35.84 | W73: 26.61 | X73: 21.33 | Y73: 20.31 | Z73: 22.55 | AA73: 21.73 | AB73: 23.56 | AC73: 24.17 | AD73: 25.39 | AE73: 22.34 | AF73: 21.33 | AG73: 20.31 | AH73: 18.28 | AI73: 17.27 | AJ73: 19.7 | AK73: 20.72 | AL73: 22.14 | AM73: 23.36 | AN73: 49.59 | AO73: 81.34 | AP73: 68.77 | AQ73: 25.39 | AR73: 23.77 | AS73: 21.33 | AT73: 19.7 | AU73: 20.92 | AV73: 20.11 | AW73: 21.73 | AX73: 18.69 | AY73: 20.72 | AZ73: 18.48 | BA73: 17.88 | BB73: 16.66 | BC73: 15.44 | BD73: 17.27 | BE73: 17.06 | BF73: 28.08 | BG73: 25.19 | BH73: 29.69 | BI73: 19.09 | BJ73: 19.91 | BK73: 19.09 | BL73: 15.64 | BM73: 15.64 | BN73: 16.66 | BO73: 16.25 | BP73: 18.08 | BQ73: 15.64 | BR73: 17.88 | BS73: 19.91 | BT73: 19.3 | BU73: 16.25 | BV73: 17.88 | BW73: 16.66 | BX73: 20.31 | BY73: 20.31 | BZ73: 39.36 | CA73: 168.5 | CB73: 218.41 | CC73: 105.92 | CD73: 26.41 | CE73: 23.98 | CF73: 20.52 | CG73: 22.75 | CH73: 22.14 | CI73: 23.56 | CJ73: 25.8 | CK73: 26.61 | CL73: 20.92 | CM73: 15.64 | CN73: 15.84 | CO73: 15.44 | CP73: 17.06 | CQ73: 19.7 | CR73: 21.12 | CS73: 21.73 | CT73: 19.91 | CU73: 19.5 | CV73: 21.53 | CW73: 21.94 | CX73: 23.16 | CY73: 21.53 | CZ73: 20.52 | DA73: 22.55 | DB73: 24.17 | DC73: 22.14 | DD73: 22.14 | DE73: 23.56 | DF73: 21.53 | DG73: 21.12 | DH73: 66.3 | DI73: 86.83 | DJ73: 83.03 | DK73: 96.14 | DL73: 104.5 | DM73: 124.7 | DN73: 127.39 | DO73: 94.77 | DP73: 84.17 | DQ73: 77.41 | DR73: 75.47 | DS73: 37.2 | DT73: 29.89 | DU73: 66.12 | DV73: 89.11 | DW73: 86.36 | DX73: 85.8 | DY73: 60.88
A74: 18 | B74: 16.39 | C74: 22.55 | D74: 36.59 | E74: 128.03 | F74: 132.83 | G74: 92.97 | H74: 32.33 | I74: 27.44 | J74: 22.34 | K74: 22.14 | L74: 21.73 | M74: 21.94 | N74: 22.14 | O74: 23.56 | P74: 22.14 | Q74: 23.77 | R74: 29.05 | S74: 112.52 | T74: 115.92 | U74: 66.81 | V74: 23.36 | W74: 22.34 | X74: 20.31 | Y74: 19.91 | Z74: 20.92 | AA74: 19.7 | AB74: 21.73 | AC74: 22.14 | AD74: 20.31 | AE74: 18.89 | AF74: 24.38 | AG74: 20.52 | AH74: 20.52 | AI74: 23.16 | AJ74: 22.55 | AK74: 23.38 | AL74: 25.41 | AM74: 23.56 | AN74: 52.44 | AO74: 74.94 | AP74: 38.53 | AQ74: 22.97 | AR74: 22.95 | AS74: 20.92 | AT74: 23.19 | AU74: 21.73 | AV74: 21.12 | AW74: 21.33 | AX74: 18.89 | AY74: 18.28 | AZ74: 17.27 | BA74: 18.48 | BB74: 15.84 | BC74: 17.67 | BD74: 18.08 | BE74: 20.11 | BF74: 19.91 | BG74: 20.31 | BH74: 18.89 | BI74: 19.3 | BJ74: 19.7 | BK74: 16.25 | BL74: 16.45 | BM74: 16.25 | BN74: 16.45 | BO74: 15.23 | BP74: 16.05 | BQ74: 16.86 | BR74: 18.69 | BS74: 17.47 | BT74: 17.47 | BU74: 15.84 | BV74: 16.66 | BW74: 20.31 | BX74: 19.3 | BY74: 20.11 | BZ74: 32.72 | CA74: 133.19 | CB74: 215.3 | CC74: 173.25 | CD74: 45.53 | CE74: 20.52 | CF74: 22.55 | CG74: 23.36 | CH74: 25.19 | CI74: 20.52 | CJ74: 19.3 | CK74: 18.28 | CL74: 17.27 | CM74: 16.45 | CN74: 17.27 | CO74: 16.05 | CP74: 16.86 | CQ74: 17.06 | CR74: 19.09 | CS74: 21.33 | CT74: 19.7 | CU74: 19.5 | CV74: 18.89 | CW74: 20.52 | CX74: 19.3 | CY74: 21.33 | CZ74: 19.09 | DA74: 21.12 | DB74: 21.53 | DC74: 20.11 | DD74: 24.78 | DE74: 22.34 | DF74: 24.17 | DG74: 26.2 | DH74: 83.48 | DI74: 94.73 | DJ74: 109.5 | DK74: 135.58 | DL74: 137.86 | DM74: 116.34 | DN74: 41.78 | DO74: 27.83 | DP74: 22.34 | DQ74: 23.77 | DR74: 21.73 | DS74: 22.55 | DT74: 23.56 | DU74: 26.61 | DV74: 34.58 | DW74: 57.62 | DX74: 82.02 | DY74: 88.05
B75: 15.98 | C75: 17.47 | D75: 26.61 | E75: 75.95 | F75: 90.34 | G75: 109.06 | H75: 104.11 | I75: 76.48 | J75: 60.36 | K75: 40.53 | L75: 36.64 | M75: 33.78 | N75: 28.64 | O75: 27.42 | P75: 22.95 | Q75: 24.38 | R75: 43.81 | S75: 125.78 | T75: 104.94 | U75: 47.42 | V75: 20.92 | W75: 17.67 | X75: 20.72 | Y75: 17.88 | Z75: 17.67 | AA75: 18.28 | AB75: 18.89 | AC75: 19.09 | AD75: 22.55 | AE75: 20.52 | AF75: 25.62 | AG75: 21.94 | AH75: 21.12 | AI75: 21.73 | AJ75: 19.3 | AK75: 19.91 | AL75: 21.53 | AM75: 29.47 | AN75: 71.66 | AO75: 63.67 | AP75: 24.39 | AQ75: 21.73 | AR75: 19.09 | AS75: 20.72 | AT75: 20.31 | AU75: 21.33 | AV75: 22.75 | AW75: 18.69 | AX75: 18.08 | AY75: 21.53 | AZ75: 21.12 | BA75: 16.25 | BB75: 17.47 | BC75: 17.47 | BD75: 19.3 | BE75: 22.77 | BF75: 19.7 | BG75: 19.09 | BH75: 17.47 | BI75: 20.31 | BJ75: 17.27 | BK75: 16.25 | BL75: 16.05 | BM75: 15.03 | BN75: 16.25 | BO75: 16.86 | BP75: 15.64 | BQ75: 16.05 | BR75: 15.44 | BS75: 19.3 | BT75: 16.66 | BU75: 16.86 | BV75: 16.05 | BW75: 18.89 | BX75: 19.7 | BY75: 19.09 | BZ75: 47.17 | CA75: 143.06 | CB75: 179.27 | CC75: 182.83 | CD75: 76.72 | CE75: 26.81 | CF75: 22.95 | CG75: 24.98 | CH75: 22.55 | CI75: 20.72 | CJ75: 15.64 | CK75: 16.66 | CL75: 16.25 | CM75: 18.69 | CN75: 17.27 | CO75: 15.23 | CP75: 16.05 | CQ75: 16.45 | CR75: 18.28 | CS75: 18.89 | CT75: 18.89 | CU75: 18.48 | CV75: 18.89 | CW75: 19.3 | CX75: 17.88 | CY75: 19.7 | CZ75: 22.55 | DA75: 17.06 | DB75: 18.69 | DC75: 17.47 | DD75: 21.33 | DE75: 22.75 | DF75: 21.12 | DG75: 26.2 | DH75: 91.61 | DI75: 109.3 | DJ75: 138.05 | DK75: 140.12 | DL75: 84.98 | DM75: 34.61 | DN75: 25.19 | DO75: 19.72 | DP75: 17.06 | DQ75: 16.05 | DR75: 18.28 | DS75: 20.31 | DT75: 22.75 | DU75: 21.12 | DV75: 20.92 | DW75: 24.38 | DX75: 28.67 | DY75: 47.53
B76: 17.61 | C76: 18.08 | D76: 22.55 | E76: 28.86 | F76: 89.41 | G76: 148.22 | H76: 133.53 | I76: 111.03 | J76: 98.48 | K76: 88.28 | L76: 69.94 | M76: 84.91 | N76: 92.03 | O76: 78.98 | P76: 64.3 | Q76: 66.8 | R76: 93.28 | S76: 108.42 | T76: 116.36 | U76: 40.14 | V76: 16.66 | W76: 16.66 | X76: 17.06 | Y76: 17.06 | Z76: 16.66 | AA76: 17.06 | AB76: 20.52 | AC76: 19.91 | AD76: 20.72 | AE76: 23.77 | AF76: 20.92 | AG76: 19.09 | AH76: 20.11 | AI76: 20.92 | AJ76: 20.52 | AK76: 28.05 | AL76: 24.78 | AM76: 44.81 | AN76: 90.95 | AO76: 43.16 | AP76: 24.17 | AQ76: 21.53 | AR76: 23.56 | AS76: 22.34 | AT76: 22.34 | AU76: 22.55 | AV76: 19.7 | AW76: 17.88 | AX76: 19.7 | AY76: 20.92 | AZ76: 20.31 | BA76: 19.7 | BB76: 20.31 | BC76: 21.33 | BD76: 19.7 | BE76: 19.5 | BF76: 17.67 | BG76: 19.3 | BH76: 17.27 | BI76: 19.7 | BJ76: 18.69 | BK76: 17.89 | BL76: 16.86 | BM76: 18.08 | BN76: 15.84 | BO76: 15.44 | BP76: 14.62 | BQ76: 15.84 | BR76: 16.66 | BS76: 16.45 | BT76: 18.08 | BU76: 17.67 | BV76: 18.28 | BW76: 19.91 | BX76: 20.31 | BY76: 22.75 | BZ76: 69.48 | CA76: 151.41 | CB76: 150.58 | CC76: 168.11 | CD76: 121.95 | CE76: 32.11 | CF76: 22.14 | CG76: 23.16 | CH76: 23.16 | CI76: 18.48 | CJ76: 18.89 | CK76: 18.28 | CL76: 20.11 | CM76: 17.06 | CN76: 15.03 | CO76: 16.86 | CP76: 17.88 | CQ76: 19.3 | CR76: 20.31 | CS76: 18.89 | CT76: 19.91 | CU76: 20.11 | CV76: 18.69 | CW76: 19.52 | CX76: 21.33 | CY76: 19.7 | CZ76: 21.33 | DA76: 20.72 | DB76: 16.66 | DC76: 19.5 | DD76: 17.27 | DE76: 20.31 | DF76: 24.78 | DG76: 56.73 | DH76: 152.02 | DI76: 145.39 | DJ76: 131.39 | DK76: 69.86 | DL76: 27.02 | DM76: 20.11 | DN76: 23.77 | DO76: 18.69 | DP76: 17.06 | DQ76: 16.86 | DR76: 18.89 | DS76: 20.11 | DT76: 21.73 | DU76: 22.75 | DV76: 19.7 | DW76: 20.11 | DX76: 19.91 | DY76: 25.31
B77: 16.59 | C77: 26.88 | D77: 22.95 | E77: 21.33 | F77: 29.86 | G77: 42.66 | H77: 48.5 | I77: 65.58 | J77: 75.56 | K77: 93.86 | L77: 86.53 | M77: 99.62 | N77: 104.06 | O77: 95.56 | P77: 99.47 | Q77: 109.08 | R77: 103.2 | S77: 98.62 | T77: 94.72 | U77: 29.33 | V77: 19.09 | W77: 19.7 | X77: 18.28 | Y77: 16.86 | Z77: 17.06 | AA77: 19.3 | AB77: 20.92 | AC77: 21.12 | AD77: 19.91 | AE77: 22.14 | AF77: 21.33 | AG77: 19.91 | AH77: 20.92 | AI77: 20.92 | AJ77: 23.56 | AK77: 42.08 | AL77: 64.47 | AM77: 91.97 | AN77: 94.7 | AO77: 25.39 | AP77: 21.53 | AQ77: 21.94 | AR77: 19.3 | AS77: 19.5 | AT77: 19.7 | AU77: 20.92 | AV77: 17.88 | AW77: 20.31 | AX77: 22.14 | AY77: 23.77 | AZ77: 19.3 | BA77: 18.89 | BB77: 21.12 | BC77: 19.5 | BD77: 18.08 | BE77: 18.48 | BF77: 19.3 | BG77: 18.08 | BH77: 17.27 | BI77: 17.67 | BJ77: 19.3 | BK77: 17.67 | BL77: 17.06 | BM77: 24 | BN77: 16.45 | BO77: 17.27 | BP77: 16.45 | BQ77: 17.47 | BR77: 16.05 | BS77: 20.11 | BT77: 19.7 | BU77: 20.92 | BV77: 20.92 | BW77: 19.3 | BX77: 22.95 | BY77: 40.97 | BZ77: 119.69 | CA77: 144.89 | CB77: 151.41 | CC77: 143.83 | CD77: 141.8 | CE77: 48 | CF77: 19.91 | CG77: 23.16 | CH77: 18.89 | CI77: 17.67 | CJ77: 18.69 | CK77: 18.69 | CL77: 18.48 | CM77: 16.45 | CN77: 18.89 | CO77: 17.88 | CP77: 16.66 | CQ77: 19.5 | CR77: 19.09 | CS77: 18.69 | CT77: 18.08 | CU77: 18.08 | CV77: 18.08 | CW77: 20.11 | CX77: 18.69 | CY77: 20.92 | CZ77: 16.66 | DA77: 18.89 | DB77: 17.67 | DC77: 20.11 | DD77: 16.66 | DE77: 19.5 | DF77: 32.34 | DG77: 90.34 | DH77: 182.66 | DI77: 174.09 | DJ77: 83.97 | DK77: 28.27 | DL77: 17.27 | DM77: 20.92 | DN77: 25.39 | DO77: 22.77 | DP77: 18.08 | DQ77: 17.67 | DR77: 21.34 | DS77: 17.67 | DT77: 21.53 | DU77: 21.53 | DV77: 21.53 | DW77: 19.5 | DX77: 18.48 | DY77: 21.06
A78: 19 | B78: 16.19 | C78: 15.03 | D78: 16.25 | E78: 18.08 | F78: 21.94 | G78: 26.61 | H78: 20.52 | I78: 21.12 | J78: 19.52 | K78: 29.52 | L78: 41 | M78: 68.2 | N78: 92.81 | O78: 89.06 | P78: 86.42 | Q78: 93.27 | R78: 99.3 | S78: 100.95 | T78: 101.62 | U78: 30.3 | V78: 20.31 | W78: 18.69 | X78: 19.3 | Y78: 18.48 | Z78: 19.91 | AA78: 24.38 | AB78: 18.89 | AC78: 20.31 | AD78: 22.55 | AE78: 21.73 | AF78: 20.52 | AG78: 21.73 | AH78: 21.94 | AI78: 29.31 | AJ78: 51.69 | AK78: 96.62 | AL78: 122.02 | AM78: 85.28 | AN78: 36.45 | AO78: 24.17 | AP78: 19.5 | AQ78: 19.3 | AR78: 22.14 | AS78: 24.17 | AT78: 23.16 | AU78: 21.94 | AV78: 21.33 | AW78: 19.7 | AX78: 22.34 | AY78: 21.53 | AZ78: 22.34 | BA78: 21.33 | BB78: 21.12 | BC78: 22.55 | BD78: 18.48 | BE78: 15.44 | BF78: 14.62 | BG78: 15.84 | BH78: 16.86 | BI78: 17.27 | BJ78: 19.91 | BK78: 18.28 | BL78: 15.23 | BM78: 17.06 | BN78: 16.25 | BO78: 16.45 | BP78: 17.06 | BQ78: 15.23 | BR78: 18.28 | BS78: 19.09 | BT78: 20.52 | BU78: 21.33 | BV78: 22.95 | BW78: 23.36 | BX78: 39.05 | BY78: 93.47 | BZ78: 109.55 | CA78: 147.28 | CB78: 150.56 | CC78: 130.75 | CD78: 139.08 | CE78: 87.06 | CF78: 26.64 | CG78: 21.94 | CH78: 18.69 | CI78: 19.91 | CJ78: 18.89 | CK78: 24.81 | CL78: 17.88 | CM78: 18.08 | CN78: 17.27 | CO78: 17.88 | CP78: 18.69 | CQ78: 18.48 | CR78: 19.3 | CS78: 18.89 | CT78: 19.91 | CU78: 17.27 | CV78: 17.27 | CW78: 16.86 | CX78: 16.45 | CY78: 20.72 | CZ78: 18.28 | DA78: 21.33 | DB78: 18.69 | DC78: 19.09 | DD78: 19.73 | DE78: 53 | DF78: 81.14 | DG78: 111.39 | DH78: 133.02 | DI78: 110.8 | DJ78: 39.59 | DK78: 20.11 | DL78: 19.5 | DM78: 23.16 | DN78: 19.91 | DO78: 21.94 | DP78: 17.88 | DQ78: 17.47 | DR78: 17.67 | DS78: 17.27 | DT78: 19.7 | DU78: 21.12 | DV78: 20.92 | DW78: 18.28 | DX78: 19.7 | DY78: 19.23
B79: 14.56 | C79: 13.2 | D79: 16.05 | E79: 15.44 | F79: 19.3 | G79: 21.12 | H79: 26.41 | I79: 23.56 | J79: 16.66 | K79: 19.3 | L79: 19.3 | M79: 23.16 | N79: 34.02 | O79: 48.33 | P79: 67.73 | Q79: 82.58 | R79: 105.91 | S79: 103.86 | T79: 100.08 | U79: 57.08 | V79: 25.59 | W79: 21.73 | X79: 20.11 | Y79: 20.11 | Z79: 20.11 | AA79: 20.72 | AB79: 21.73 | AC79: 20.52 | AD79: 21.94 | AE79: 24.98 | AF79: 23.77 | AG79: 28.44 | AH79: 56.7 | AI79: 116.05 | AJ79: 124.72 | AK79: 108.7 | AL79: 60.28 | AM79: 23.59 | AN79: 36.83 | AO79: 21.53 | AP79: 18.08 | AQ79: 18.28 | AR79: 19.91 | AS79: 18.69 | AT79: 19.91 | AU79: 20.72 | AV79: 20.72 | AW79: 23.77 | AX79: 21.73 | AY79: 21.53 | AZ79: 20.52 | BA79: 27.22 | BB79: 54.23 | BC79: 31.53 | BD79: 21.94 | BE79: 16.45 | BF79: 17.27 | BG79: 17.67 | BH79: 18.48 | BI79: 19.91 | BJ79: 20.52 | BK79: 17.88 | BL79: 15.23 | BM79: 16.86 | BN79: 17.06 | BO79: 15.23 | BP79: 16.45 | BQ79: 15.44 | BR79: 16.86 | BS79: 16.86 | BT79: 17.67 | BU79: 18.48 | BV79: 21.73 | BW79: 29.25 | BX79: 67.27 | BY79: 99.55 | BZ79: 106.77 | CA79: 142.86 | CB79: 149.72 | CC79: 157.25 | CD79: 117.64 | CE79: 86.81 | CF79: 50.14 | CG79: 25.41 | CH79: 17.88 | CI79: 18.28 | CJ79: 16.86 | CK79: 17.88 | CL79: 19.7 | CM79: 18.48 | CN79: 18.69 | CO79: 19.3 | CP79: 19.91 | CQ79: 17.88 | CR79: 18.28 | CS79: 16.86 | CT79: 15.44 | CU79: 16.45 | CV79: 17.47 | CW79: 16.05 | CX79: 18.08 | CY79: 19.09 | CZ79: 16.86 | DA79: 20.11 | DB79: 17.06 | DC79: 18.28 | DD79: 31.8 | DE79: 116.33 | DF79: 114.95 | DG79: 104.88 | DH79: 78.91 | DI79: 58.11 | DJ79: 16.86 | DK79: 19.3 | DL79: 17.47 | DM79: 20.31 | DN79: 21.33 | DO79: 18.08 | DP79: 19.3 | DQ79: 19.09 | DR79: 16.25 | DS79: 18.48 | DT79: 19.09 | DU79: 26.83 | DV79: 19.7 | DW79: 20.52 | DX79: 19.09 | DY79: 20.25
B80: 17 | C80: 15.84 | D80: 15.84 | E80: 15.84 | F80: 16.45 | G80: 16.66 | H80: 22.55 | I80: 23.36 | J80: 21.33 | K80: 19.7 | L80: 19.3 | M80: 20.11 | N80: 17.88 | O80: 19.3 | P80: 26.41 | Q80: 42.77 | R80: 70.97 | S80: 77.61 | T80: 89.72 | U80: 101.83 | V80: 56.38 | W80: 33.11 | X80: 24.98 | Y80: 23.97 | Z80: 21.73 | AA80: 26.61 | AB80: 35.58 | AC80: 33.55 | AD80: 39.36 | AE80: 78.03 | AF80: 93.34 | AG80: 114.3 | AH80: 114.34 | AI80: 89.61 | AJ80: 37.88 | AK80: 24.58 | AL80: 18.08 | AM80: 18.89 | AN80: 18.28 | AO80: 17.06 | AP80: 14.02 | AQ80: 16.25 | AR80: 18.08 | AS80: 15.03 | AT80: 17.27 | AU80: 18.28 | AV80: 23.38 | AW80: 57.19 | AX80: 101.33 | AY80: 36.03 | AZ80: 24.17 | BA80: 34.77 | BB80: 142.84 | BC80: 101.19 | BD80: 51.56 | BE80: 22.34 | BF80: 19.3 | BG80: 18.28 | BH80: 19.3 | BI80: 22.14 | BJ80: 19.3 | BK80: 16.45 | BL80: 17.27 | BM80: 15.84 | BN80: 16.45 | BO80: 16.45 | BP80: 16.86 | BQ80: 16.66 | BR80: 16.25 | BS80: 17.27 | BT80: 16.25 | BU80: 17.27 | BV80: 20.31 | BW80: 32.11 | BX80: 72.66 | BY80: 91.33 | BZ80: 117.02 | CA80: 131.38 | CB80: 116.98 | CC80: 138.83 | CD80: 111.98 | CE80: 87.88 | CF80: 64.31 | CG80: 67.3 | CH80: 51.53 | CI80: 23.56 | CJ80: 17.67 | CK80: 19.09 | CL80: 20.52 | CM80: 17.27 | CN80: 19.09 | CO80: 18.69 | CP80: 18.89 | CQ80: 18.28 | CR80: 18.28 | CS80: 15.44 | CT80: 16.45 | CU80: 16.25 | CV80: 16.45 | CW80: 16.86 | CX80: 15.64 | CY80: 17.47 | CZ80: 17.47 | DA80: 16.05 | DB80: 16.66 | DC80: 16.86 | DD80: 21.73 | DE80: 81.36 | DF80: 150 | DG80: 92.44 | DH80: 45.47 | DI80: 17.67 | DJ80: 15.84 | DK80: 17.06 | DL80: 21.12 | DM80: 16.66 | DN80: 20.52 | DO80: 19.3 | DP80: 20.31 | DQ80: 21.94 | DR80: 19.91 | DS80: 18.08 | DT80: 18.28 | DU80: 21.33 | DV80: 22.75 | DW80: 19.7 | DX80: 17.67 | DY80: 19.64
B81: 16.8 | C81: 17.47 | D81: 15.84 | E81: 16.66 | F81: 17.06 | G81: 18.08 | H81: 20.31 | I81: 22.75 | J81: 26.41 | K81: 27.22 | L81: 24.17 | M81: 22.14 | N81: 19.7 | O81: 19.91 | P81: 22.75 | Q81: 20.52 | R81: 32.52 | S81: 62.77 | T81: 79.48 | U81: 95.48 | V81: 102.84 | W81: 97.61 | X81: 87.83 | Y81: 77.08 | Z81: 78.78 | AA81: 94.59 | AB81: 101.41 | AC81: 104.89 | AD81: 106.03 | AE81: 98.5 | AF81: 96.47 | AG81: 81.39 | AH81: 44.06 | AI81: 27.84 | AJ81: 20.72 | AK81: 17.67 | AL81: 17.27 | AM81: 17.67 | AN81: 18.28 | AO81: 16.86 | AP81: 15.23 | AQ81: 15.23 | AR81: 14.22 | AS81: 15.44 | AT81: 15.23 | AU81: 17.27 | AV81: 70.44 | AW81: 125.33 | AX81: 147.42 | AY81: 131.23 | AZ81: 84.36 | BA81: 37 | BB81: 132.89 | BC81: 171.73 | BD81: 108.41 | BE81: 23.16 | BF81: 19.09 | BG81: 18.48 | BH81: 19.5 | BI81: 20.72 | BJ81: 15.84 | BK81: 16.25 | BL81: 15.44 | BM81: 15.23 | BN81: 16.25 | BO81: 16.25 | BP81: 15.44 | BQ81: 16.66 | BR81: 15.84 | BS81: 17.67 | BT81: 17.06 | BU81: 16.66 | BV81: 19.7 | BW81: 26.2 | BX81: 62.7 | BY81: 87.42 | BZ81: 99.3 | CA81: 92.64 | CB81: 85.06 | CC81: 91.92 | CD81: 101.39 | CE81: 88.88 | CF81: 69.95 | CG81: 63.55 | CH81: 67.39 | CI81: 66.23 | CJ81: 41.11 | CK81: 31.55 | CL81: 21.94 | CM81: 19.7 | CN81: 17.67 | CO81: 17.27 | CP81: 16.86 | CQ81: 17.06 | CR81: 17.27 | CS81: 15.23 | CT81: 15.03 | CU81: 14.83 | CV81: 15.64 | CW81: 16.25 | CX81: 16.05 | CY81: 15.44 | CZ81: 17.06 | DA81: 17.67 | DB81: 15.03 | DC81: 16.45 | DD81: 15.23 | DE81: 26.03 | DF81: 94.22 | DG81: 53.7 | DH81: 19.09 | DI81: 15.03 | DJ81: 14.42 | DK81: 16.45 | DL81: 18.28 | DM81: 19.5 | DN81: 19.7 | DO81: 21.73 | DP81: 19.3 | DQ81: 23.16 | DR81: 27.03 | DS81: 21.73 | DT81: 24.98 | DU81: 26 | DV81: 20.31 | DW81: 17.06 | DX81: 17.88 | DY81: 18.42
A82: 20 | B82: 17.81 | C82: 18.08 | D82: 21.12 | E82: 21.12 | F82: 18.28 | G82: 18.48 | H82: 17.88 | I82: 21.33 | J82: 26.2 | K82: 37.61 | L82: 49.47 | M82: 32.11 | N82: 20.11 | O82: 18.08 | P82: 17.27 | Q82: 18.08 | R82: 23.16 | S82: 30.52 | T82: 82.95 | U82: 88.62 | V82: 100.14 | W82: 103.88 | X82: 119.31 | Y82: 120.08 | Z82: 122.64 | AA82: 83.61 | AB82: 49.09 | AC82: 44.95 | AD82: 33.77 | AE82: 26 | AF82: 23.56 | AG82: 23.97 | AH82: 21.94 | AI82: 19.7 | AJ82: 19.5 | AK82: 17.67 | AL82: 19.5 | AM82: 16.05 | AN82: 18.69 | AO82: 17.27 | AP82: 16.25 | AQ82: 16.05 | AR82: 17.47 | AS82: 15.44 | AT82: 17.47 | AU82: 18.08 | AV82: 35.11 | AW82: 81.78 | AX82: 81.84 | AY82: 129.94 | AZ82: 119.27 | BA82: 46.31 | BB82: 66.59 | BC82: 124.83 | BD82: 49.22 | BE82: 26.81 | BF82: 22.34 | BG82: 18.48 | BH82: 21.53 | BI82: 19.3 | BJ82: 19.5 | BK82: 16.86 | BL82: 14.62 | BM82: 14.22 | BN82: 15.23 | BO82: 16.25 | BP82: 17.67 | BQ82: 17.27 | BR82: 16.45 | BS82: 17.27 | BT82: 16.05 | BU82: 16.86 | BV82: 18.69 | BW82: 23.16 | BX82: 54.61 | BY82: 82.81 | BZ82: 97.25 | CA82: 80.56 | CB82: 85.95 | CC82: 93.48 | CD82: 91.78 | CE82: 95.14 | CF82: 82.64 | CG82: 76.19 | CH82: 77.66 | CI82: 70.36 | CJ82: 73.03 | CK82: 65.17 | CL82: 55.38 | CM82: 34.88 | CN82: 20.11 | CO82: 18.69 | CP82: 18.48 | CQ82: 19.3 | CR82: 16.86 | CS82: 14.42 | CT82: 15.44 | CU82: 15.03 | CV82: 17.48 | CW82: 14.83 | CX82: 14.83 | CY82: 15.84 | CZ82: 17.88 | DA82: 17.47 | DB82: 14.42 | DC82: 14.83 | DD82: 16.25 | DE82: 15.23 | DF82: 22.17 | DG82: 18.69 | DH82: 17.27 | DI82: 16.66 | DJ82: 16.05 | DK82: 16.05 | DL82: 15.84 | DM82: 21.33 | DN82: 22.14 | DO82: 21.94 | DP82: 22.55 | DQ82: 23.97 | DR82: 23.36 | DS82: 19.5 | DT82: 19.31 | DU82: 20.11 | DV82: 20.52 | DW82: 17.27 | DX82: 18.08 | DY82: 17
B83: 17.39 | C83: 18.69 | D83: 19.91 | E83: 19.09 | F83: 23.36 | G83: 21.12 | H83: 21.73 | I83: 20.33 | J83: 23.77 | K83: 51.31 | L83: 60.75 | M83: 41.72 | N83: 22.14 | O83: 19.7 | P83: 18.08 | Q83: 20.52 | R83: 21.94 | S83: 21.12 | T83: 48.05 | U83: 105.52 | V83: 102.17 | W83: 89.98 | X83: 112.81 | Y83: 87.55 | Z83: 32.59 | AA83: 23.16 | AB83: 19.7 | AC83: 19.91 | AD83: 20.92 | AE83: 22.55 | AF83: 22.95 | AG83: 23.77 | AH83: 24.17 | AI83: 23.77 | AJ83: 20.92 | AK83: 24.17 | AL83: 22.34 | AM83: 24.58 | AN83: 19.7 | AO83: 15.64 | AP83: 19.3 | AQ83: 18.69 | AR83: 20.52 | AS83: 18.89 | AT83: 18.28 | AU83: 17.06 | AV83: 14.83 | AW83: 19.3 | AX83: 24.38 | AY83: 30.08 | AZ83: 31.11 | BA83: 29.67 | BB83: 57.8 | BC83: 81.95 | BD83: 102.73 | BE83: 68.2 | BF83: 23.56 | BG83: 20.31 | BH83: 19.91 | BI83: 18.69 | BJ83: 19.3 | BK83: 17.27 | BL83: 16.05 | BM83: 15.23 | BN83: 15.44 | BO83: 15.64 | BP83: 24.02 | BQ83: 15.84 | BR83: 16.66 | BS83: 20.11 | BT83: 18.69 | BU83: 18.48 | BV83: 18.48 | BW83: 23.77 | BX83: 52.42 | BY83: 75.38 | BZ83: 90.11 | CA83: 82.42 | CB83: 100.56 | CC83: 82.23 | CD83: 63.34 | CE83: 59.67 | CF83: 83.59 | CG83: 101.42 | CH83: 101.77 | CI83: 93.25 | CJ83: 93.3 | CK83: 83.52 | CL83: 77.02 | CM83: 86.84 | CN83: 74.69 | CO83: 57.55 | CP83: 35.86 | CQ83: 30.28 | CR83: 24.17 | CS83: 21.33 | CT83: 18.28 | CU83: 16.86 | CV83: 15.44 | CW83: 15.44 | CX83: 13.81 | CY83: 15.64 | CZ83: 16.86 | DA83: 15.84 | DB83: 15.84 | DC83: 14.83 | DD83: 14.83 | DE83: 14.02 | DF83: 16.25 | DG83: 17.67 | DH83: 16.25 | DI83: 18.48 | DJ83: 17.27 | DK83: 18.69 | DL83: 17.88 | DM83: 18.69 | DN83: 23.56 | DO83: 18.89 | DP83: 22.14 | DQ83: 23.77 | DR83: 19.3 | DS83: 17.88 | DT83: 17.47 | DU83: 18.08 | DV83: 18.08 | DW83: 18.48 | DX83: 18.28 | DY83: 21.66
B84: 18.83 | C84: 20.52 | D84: 20.31 | E84: 18.89 | F84: 25.59 | G84: 25.59 | H84: 23.97 | I84: 20.11 | J84: 20.11 | K84: 44.11 | L84: 58.55 | M84: 37.38 | N84: 22.55 | O84: 20.11 | P84: 18.28 | Q84: 17.27 | R84: 20.52 | S84: 20.52 | T84: 23.97 | U84: 79.12 | V84: 108.42 | W84: 84.48 | X84: 95.53 | Y84: 33.39 | Z84: 20.92 | AA84: 23.16 | AB84: 24.17 | AC84: 24.38 | AD84: 20.52 | AE84: 22.34 | AF84: 28.23 | AG84: 26.2 | AH84: 23.97 | AI84: 26.61 | AJ84: 21.33 | AK84: 18.08 | AL84: 19.7 | AM84: 18.28 | AN84: 16.05 | AO84: 14.42 | AP84: 16.25 | AQ84: 14.83 | AR84: 15.44 | AS84: 15.23 | AT84: 15.64 | AU84: 14.42 | AV84: 15.23 | AW84: 14.22 | AX84: 16.25 | AY84: 17.06 | AZ84: 18.69 | BA84: 40.14 | BB84: 95.09 | BC84: 134.3 | BD84: 87.55 | BE84: 37.53 | BF84: 19.7 | BG84: 19.09 | BH84: 19.91 | BI84: 19.09 | BJ84: 20.52 | BK84: 17.47 | BL84: 17.27 | BM84: 17.67 | BN84: 15.03 | BO84: 15.84 | BP84: 16.25 | BQ84: 17.67 | BR84: 18.08 | BS84: 15.84 | BT84: 17.67 | BU84: 17.27 | BV84: 17.88 | BW84: 20.72 | BX84: 35.8 | BY84: 72.78 | BZ84: 95.19 | CA84: 81.31 | CB84: 88.03 | CC84: 48.86 | CD84: 35.77 | CE84: 25.59 | CF84: 23.78 | CG84: 38.12 | CH84: 69.38 | CI84: 99.16 | CJ84: 111.8 | CK84: 110.36 | CL84: 132.25 | CM84: 133.88 | CN84: 142.03 | CO84: 138.42 | CP84: 136.53 | CQ84: 124.09 | CR84: 101.64 | CS84: 83.7 | CT84: 75.12 | CU84: 49.48 | CV84: 29.12 | CW84: 20.72 | CX84: 16.45 | CY84: 17.27 | CZ84: 18.48 | DA84: 16.05 | DB84: 16.66 | DC84: 14.62 | DD84: 14.42 | DE84: 15.44 | DF84: 13.61 | DG84: 15.23 | DH84: 18.28 | DI84: 17.27 | DJ84: 18.28 | DK84: 17.67 | DL84: 18.89 | DM84: 17.47 | DN84: 18.48 | DO84: 21.53 | DP84: 22.14 | DQ84: 18.28 | DR84: 18.48 | DS84: 18.28 | DT84: 19.7 | DU84: 23.16 | DV84: 16.66 | DW84: 17.27 | DX84: 17.88 | DY84: 18.62
B85: 19.44 | C85: 21.33 | D85: 24.98 | E85: 22.55 | F85: 22.95 | G85: 24.78 | H85: 24.78 | I85: 22.75 | J85: 22.95 | K85: 37.19 | L85: 57.92 | M85: 39.84 | N85: 21.53 | O85: 17.47 | P85: 17.47 | Q85: 18.28 | R85: 21.12 | S85: 19.5 | T85: 20.11 | U85: 35.05 | V85: 120.8 | W85: 102.86 | X85: 84.36 | Y85: 28.27 | Z85: 21.73 | AA85: 20.92 | AB85: 22.95 | AC85: 23.97 | AD85: 21.12 | AE85: 22.75 | AF85: 28.23 | AG85: 25.59 | AH85: 22.14 | AI85: 18.89 | AJ85: 18.69 | AK85: 17.47 | AL85: 15.23 | AM85: 15.44 | AN85: 14.62 | AO85: 14.62 | AP85: 13.41 | AQ85: 13.81 | AR85: 14.62 | AS85: 15.23 | AT85: 13.81 | AU85: 13.81 | AV85: 15.64 | AW85: 14.42 | AX85: 15.84 | AY85: 18.48 | AZ85: 30.08 | BA85: 72.02 | BB85: 114.52 | BC85: 81.11 | BD85: 28.45 | BE85: 19.3 | BF85: 17.27 | BG85: 18.69 | BH85: 18.69 | BI85: 20.31 | BJ85: 21.33 | BK85: 17.67 | BL85: 17.88 | BM85: 18.28 | BN85: 17.67 | BO85: 18.08 | BP85: 17.06 | BQ85: 16.05 | BR85: 17.47 | BS85: 20.31 | BT85: 17.47 | BU85: 17.67 | BV85: 20.72 | BW85: 19.5 | BX85: 25.39 | BY85: 59.53 | BZ85: 79.03 | CA85: 56.67 | CB85: 51.31 | CC85: 43.92 | CD85: 39.89 | CE85: 24.17 | CF85: 20.31 | CG85: 16.25 | CH85: 14.62 | CI85: 18.28 | CJ85: 18.28 | CK85: 25 | CL85: 42.59 | CM85: 54.23 | CN85: 100.7 | CO85: 152.86 | CP85: 185.53 | CQ85: 178.48 | CR85: 154.94 | CS85: 132.86 | CT85: 152.06 | CU85: 133.52 | CV85: 109.7 | CW85: 51.28 | CX85: 18.48 | CY85: 35.81 | CZ85: 50.81 | DA85: 21.33 | DB85: 15.03 | DC85: 15.84 | DD85: 13.2 | DE85: 14.02 | DF85: 14.22 | DG85: 15.03 | DH85: 17.88 | DI85: 17.06 | DJ85: 17.06 | DK85: 16.86 | DL85: 20.92 | DM85: 17.47 | DN85: 20.31 | DO85: 19.5 | DP85: 20.52 | DQ85: 19.3 | DR85: 18.08 | DS85: 18.28 | DT85: 19.3 | DU85: 20.11 | DV85: 18.08 | DW85: 16.45 | DX85: 16.45 | DY85: 19.84
A86: 21 | B86: 25.12 | C86: 24.78 | D86: 28.44 | E86: 26.81 | F86: 27.42 | G86: 26.61 | H86: 28.44 | I86: 25.19 | J86: 24.17 | K86: 40.95 | L86: 61 | M86: 37.59 | N86: 19.91 | O86: 19.91 | P86: 20.52 | Q86: 19.7 | R86: 22.75 | S86: 20.92 | T86: 22.95 | U86: 24.98 | V86: 95 | W86: 127.38 | X86: 89.89 | Y86: 59.73 | Z86: 22.75 | AA86: 21.12 | AB86: 21.53 | AC86: 22.75 | AD86: 23.16 | AE86: 25.59 | AF86: 26 | AG86: 22.75 | AH86: 18.48 | AI86: 16.86 | AJ86: 16.86 | AK86: 15.03 | AL86: 14.62 | AM86: 14.42 | AN86: 14.62 | AO86: 12.59 | AP86: 14.02 | AQ86: 13.81 | AR86: 13.2 | AS86: 13.41 | AT86: 12.8 | AU86: 13.61 | AV86: 15.84 | AW86: 16.45 | AX86: 18.69 | AY86: 24.58 | AZ86: 55.48 | BA86: 85.31 | BB86: 88.75 | BC86: 33.75 | BD86: 21.75 | BE86: 21.12 | BF86: 18.48 | BG86: 18.69 | BH86: 21.53 | BI86: 22.55 | BJ86: 23.98 | BK86: 19.5 | BL86: 17.27 | BM86: 17.06 | BN86: 17.47 | BO86: 18.69 | BP86: 19.09 | BQ86: 18.69 | BR86: 20.92 | BS86: 20.72 | BT86: 20.94 | BU86: 19.91 | BV86: 20.92 | BW86: 22.14 | BX86: 22.75 | BY86: 40.88 | BZ86: 65.58 | CA86: 52.06 | CB86: 44.92 | CC86: 44.33 | CD86: 43.28 | CE86: 24.38 | CF86: 20.52 | CG86: 16.25 | CH86: 15.03 | CI86: 14.83 | CJ86: 16.66 | CK86: 15.23 | CL86: 15.23 | CM86: 17.06 | CN86: 19.09 | CO86: 25.81 | CP86: 33.27 | CQ86: 58.03 | CR86: 83.45 | CS86: 108.91 | CT86: 124.89 | CU86: 162.59 | CV86: 183 | CW86: 55.5 | CX86: 20.11 | CY86: 52.28 | CZ86: 77.02 | DA86: 63.86 | DB86: 46.33 | DC86: 20.92 | DD86: 15.64 | DE86: 14.02 | DF86: 12.8 | DG86: 14.42 | DH86: 15.44 | DI86: 16.05 | DJ86: 16.05 | DK86: 16.86 | DL86: 20.31 | DM86: 20.11 | DN86: 17.67 | DO86: 21.77 | DP86: 18.48 | DQ86: 17.47 | DR86: 17.88 | DS86: 17.06 | DT86: 18.08 | DU86: 17.47 | DV86: 18.28 | DW86: 17.47 | DX86: 19.09 | DY86: 29.2
B87: 26.75 | C87: 23.56 | D87: 24.38 | E87: 25.8 | F87: 27.42 | G87: 27.44 | H87: 27.22 | I87: 27.83 | J87: 26 | K87: 44.95 | L87: 51.72 | M87: 35.14 | N87: 20.52 | O87: 18.89 | P87: 20.31 | Q87: 21.12 | R87: 21.12 | S87: 24.98 | T87: 23.97 | U87: 26.81 | V87: 61.77 | W87: 100.31 | X87: 92.69 | Y87: 86.41 | Z87: 32.53 | AA87: 22.14 | AB87: 21.33 | AC87: 22.34 | AD87: 20.92 | AE87: 24.38 | AF87: 24.38 | AG87: 20.52 | AH87: 17.67 | AI87: 14.83 | AJ87: 15.84 | AK87: 14.42 | AL87: 14.83 | AM87: 14.02 | AN87: 14.02 | AO87: 14.22 | AP87: 13.2 | AQ87: 13 | AR87: 15.03 | AS87: 14.83 | AT87: 14.02 | AU87: 14.42 | AV87: 16.05 | AW87: 18.28 | AX87: 26.84 | AY87: 55.52 | AZ87: 69.36 | BA87: 68.91 | BB87: 41.33 | BC87: 22.14 | BD87: 21.55 | BE87: 20.31 | BF87: 19.5 | BG87: 19.5 | BH87: 21.94 | BI87: 20.52 | BJ87: 21.12 | BK87: 19.7 | BL87: 21.14 | BM87: 17.47 | BN87: 20.72 | BO87: 18.08 | BP87: 18.48 | BQ87: 17.06 | BR87: 17.27 | BS87: 20.31 | BT87: 21.33 | BU87: 20.11 | BV87: 22.75 | BW87: 23.56 | BX87: 25.59 | BY87: 31.48 | BZ87: 50.03 | CA87: 52.52 | CB87: 49.06 | CC87: 44.89 | CD87: 44.94 | CE87: 30.88 | CF87: 20.92 | CG87: 16.86 | CH87: 16.05 | CI87: 15.44 | CJ87: 14.83 | CK87: 17.88 | CL87: 16.05 | CM87: 16.66 | CN87: 14.83 | CO87: 16.05 | CP87: 16.86 | CQ87: 16.66 | CR87: 16.45 | CS87: 24.8 | CT87: 48.69 | CU87: 108.31 | CV87: 134.33 | CW87: 67.69 | CX87: 27.02 | CY87: 70.61 | CZ87: 109.94 | DA87: 114.72 | DB87: 66.8 | DC87: 49.53 | DD87: 21.53 | DE87: 15.44 | DF87: 15.03 | DG87: 14.83 | DH87: 16.66 | DI87: 18.28 | DJ87: 15.64 | DK87: 17.47 | DL87: 17.06 | DM87: 19.91 | DN87: 19.3 | DO87: 17.88 | DP87: 19.31 | DQ87: 20.53 | DR87: 15.03 | DS87: 13.41 | DT87: 15.44 | DU87: 15.64 | DV87: 16.25 | DW87: 17.88 | DX87: 28.08 | DY87: 30
B88: 17.61 | C88: 19.09 | D88: 17.67 | E88: 20.11 | F88: 23.16 | G88: 21.73 | H88: 24.17 | I88: 23.16 | J88: 27.22 | K88: 45.77 | L88: 50.3 | M88: 40.45 | N88: 22.34 | O88: 19.5 | P88: 19.5 | Q88: 21.73 | R88: 20.31 | S88: 20.72 | T88: 25.39 | U88: 22.75 | V88: 37.45 | W88: 85.52 | X88: 77.42 | Y88: 77.61 | Z88: 53.7 | AA88: 27.62 | AB88: 21.33 | AC88: 19.5 | AD88: 21.12 | AE88: 22.14 | AF88: 18.48 | AG88: 29.94 | AH88: 19.5 | AI88: 15.03 | AJ88: 14.22 | AK88: 13 | AL88: 13.61 | AM88: 13.41 | AN88: 13.2 | AO88: 12.19 | AP88: 14.22 | AQ88: 15.03 | AR88: 15.23 | AS88: 16.05 | AT88: 15.44 | AU88: 16.66 | AV88: 19.7 | AW88: 32.12 | AX88: 57.94 | AY88: 65.3 | AZ88: 64.97 | BA88: 41.95 | BB88: 20.52 | BC88: 17.88 | BD88: 16.86 | BE88: 17.88 | BF88: 16.05 | BG88: 16.25 | BH88: 18.69 | BI88: 19.5 | BJ88: 19.7 | BK88: 20.52 | BL88: 20.53 | BM88: 18.48 | BN88: 19.5 | BO88: 19.5 | BP88: 18.48 | BQ88: 19.5 | BR88: 17.67 | BS88: 18.69 | BT88: 20.52 | BU88: 22.14 | BV88: 22.14 | BW88: 21.94 | BX88: 25.19 | BY88: 25.8 | BZ88: 32.91 | CA88: 47.47 | CB88: 49.06 | CC88: 43.69 | CD88: 46.78 | CE88: 35.36 | CF88: 21.94 | CG88: 17.88 | CH88: 17.06 | CI88: 15.84 | CJ88: 16.86 | CK88: 18.08 | CL88: 17.88 | CM88: 15.64 | CN88: 15.03 | CO88: 15.44 | CP88: 15.44 | CQ88: 15.44 | CR88: 13.81 | CS88: 16.86 | CT88: 16.86 | CU88: 19.7 | CV88: 34.64 | CW88: 47.16 | CX88: 60.53 | CY88: 94.55 | CZ88: 135.75 | DA88: 167.7 | DB88: 90.12 | DC88: 67.94 | DD88: 47.33 | DE88: 17.06 | DF88: 16.86 | DG88: 15.44 | DH88: 14.22 | DI88: 18.28 | DJ88: 18.08 | DK88: 19.91 | DL88: 17.06 | DM88: 18.69 | DN88: 18.48 | DO88: 16.66 | DP88: 16.86 | DQ88: 15.23 | DR88: 15.23 | DS88: 14.02 | DT88: 14.62 | DU88: 15.03 | DV88: 23.59 | DW88: 18.28 | DX88: 30.3 | DY88: 45.3
B89: 16.19 | C89: 20.11 | D89: 20.92 | E89: 18.69 | F89: 22.14 | G89: 23.56 | H89: 23.56 | I89: 20.31 | J89: 30.7 | K89: 49.72 | L89: 39.62 | M89: 40.3 | N89: 20.72 | O89: 19.5 | P89: 18.48 | Q89: 19.09 | R89: 21.53 | S89: 21.73 | T89: 22.95 | U89: 26.22 | V89: 24.17 | W89: 65.23 | X89: 85.36 | Y89: 74.73 | Z89: 68.39 | AA89: 27.02 | AB89: 24.17 | AC89: 20.72 | AD89: 21.94 | AE89: 20.31 | AF89: 23.77 | AG89: 20.31 | AH89: 19.91 | AI89: 15.03 | AJ89: 14.42 | AK89: 15.84 | AL89: 15.03 | AM89: 17.06 | AN89: 15.03 | AO89: 16.25 | AP89: 17.88 | AQ89: 17.27 | AR89: 15.64 | AS89: 18.89 | AT89: 20.11 | AU89: 25.39 | AV89: 40.73 | AW89: 61.88 | AX89: 55.47 | AY89: 50.67 | AZ89: 44.98 | BA89: 24.58 | BB89: 16.05 | BC89: 15.64 | BD89: 14.83 | BE89: 15.44 | BF89: 14.83 | BG89: 17.06 | BH89: 17.27 | BI89: 16.45 | BJ89: 20.72 | BK89: 20.31 | BL89: 19.5 | BM89: 17.67 | BN89: 19.5 | BO89: 19.7 | BP89: 20.31 | BQ89: 21.53 | BR89: 19.09 | BS89: 19.3 | BT89: 19.09 | BU89: 28.53 | BV89: 18.89 | BW89: 20.92 | BX89: 24.38 | BY89: 22.75 | BZ89: 29.88 | CA89: 29.66 | CB89: 44.48 | CC89: 42.3 | CD89: 45.55 | CE89: 36.36 | CF89: 22.14 | CG89: 18.69 | CH89: 16.25 | CI89: 17.88 | CJ89: 15.64 | CK89: 16.45 | CL89: 16.25 | CM89: 17.67 | CN89: 16.45 | CO89: 16.66 | CP89: 16.25 | CQ89: 16.45 | CR89: 15.23 | CS89: 14.42 | CT89: 16.66 | CU89: 14.22 | CV89: 16.86 | CW89: 19.91 | CX89: 45.53 | CY89: 96.22 | CZ89: 138.12 | DA89: 181.81 | DB89: 142.84 | DC89: 141.56 | DD89: 69.12 | DE89: 21.33 | DF89: 18.69 | DG89: 16.66 | DH89: 15.84 | DI89: 15.03 | DJ89: 16.66 | DK89: 15.64 | DL89: 17.67 | DM89: 16.45 | DN89: 18.08 | DO89: 17.27 | DP89: 26.3 | DQ89: 29.83 | DR89: 15.03 | DS89: 16.66 | DT89: 15.23 | DU89: 15.44 | DV89: 20.11 | DW89: 21.12 | DX89: 36.02 | DY89: 71.38
A90: 22 | B90: 18.83 | C90: 17.67 | D90: 19.09 | E90: 21.53 | F90: 22.55 | G90: 22.75 | H90: 21.33 | I90: 20.72 | J90: 42.12 | K90: 35.77 | L90: 33.94 | M90: 38.83 | N90: 21.33 | O90: 20.11 | P90: 20.52 | Q90: 20.72 | R90: 20.11 | S90: 19.7 | T90: 22.95 | U90: 25 | V90: 28.44 | W90: 60.78 | X90: 90.3 | Y90: 72.8 | Z90: 72.86 | AA90: 30.48 | AB90: 23.97 | AC90: 21.94 | AD90: 23.97 | AE90: 20.31 | AF90: 21.94 | AG90: 21.12 | AH90: 22.55 | AI90: 20.31 | AJ90: 17.67 | AK90: 18.28 | AL90: 16.86 | AM90: 16.66 | AN90: 16.05 | AO90: 17.27 | AP90: 17.27 | AQ90: 17.47 | AR90: 18.08 | AS90: 21.73 | AT90: 25.8 | AU90: 42.92 | AV90: 56.17 | AW90: 48.41 | AX90: 45.75 | AY90: 47.45 | AZ90: 27.42 | BA90: 19.09 | BB90: 16.25 | BC90: 16.05 | BD90: 14.62 | BE90: 16.45 | BF90: 15.84 | BG90: 15.84 | BH90: 18.69 | BI90: 17.88 | BJ90: 20.94 | BK90: 19.5 | BL90: 19.3 | BM90: 20.52 | BN90: 20.31 | BO90: 20.52 | BP90: 19.91 | BQ90: 19.91 | BR90: 19.09 | BS90: 18.89 | BT90: 18.28 | BU90: 20.12 | BV90: 21.53 | BW90: 21.53 | BX90: 23.36 | BY90: 23.16 | BZ90: 21.94 | CA90: 24.38 | CB90: 30.67 | CC90: 35.55 | CD90: 41.84 | CE90: 38.19 | CF90: 23.56 | CG90: 19.3 | CH90: 16.45 | CI90: 16.45 | CJ90: 17.88 | CK90: 16.86 | CL90: 16.05 | CM90: 15.23 | CN90: 16.25 | CO90: 16.45 | CP90: 15.23 | CQ90: 15.64 | CR90: 16.45 | CS90: 15.64 | CT90: 15.64 | CU90: 15.84 | CV90: 16.25 | CW90: 19.5 | CX90: 24.58 | CY90: 97.83 | CZ90: 146.41 | DA90: 174.78 | DB90: 145.17 | DC90: 91.91 | DD90: 34.09 | DE90: 19.3 | DF90: 18.89 | DG90: 17.27 | DH90: 17.88 | DI90: 16.05 | DJ90: 15.44 | DK90: 17.06 | DL90: 19.5 | DM90: 16.66 | DN90: 16.45 | DO90: 16.86 | DP90: 16.25 | DQ90: 14.62 | DR90: 14.02 | DS90: 15.84 | DT90: 16.45 | DU90: 19.7 | DV90: 20.11 | DW90: 21.94 | DX90: 42.83 | DY90: 50.44
B91: 19.64 | C91: 18.28 | D91: 20.52 | E91: 23.77 | F91: 24.17 | G91: 21.12 | H91: 19.09 | I91: 26.41 | J91: 54.23 | K91: 38 | L91: 40.06 | M91: 23.56 | N91: 21.12 | O91: 19.09 | P91: 19.3 | Q91: 18.08 | R91: 18.28 | S91: 20.52 | T91: 19.7 | U91: 23.77 | V91: 24.98 | W91: 55.84 | X91: 107.44 | Y91: 70.75 | Z91: 68.69 | AA91: 35.23 | AB91: 23.56 | AC91: 20.52 | AD91: 22.55 | AE91: 18.69 | AF91: 19.09 | AG91: 22.55 | AH91: 22.77 | AI91: 19.3 | AJ91: 17.88 | AK91: 16.25 | AL91: 17.27 | AM91: 17.27 | AN91: 17.47 | AO91: 16.25 | AP91: 18.08 | AQ91: 17.67 | AR91: 22.95 | AS91: 23.77 | AT91: 43.14 | AU91: 60.17 | AV91: 49.06 | AW91: 40.86 | AX91: 43.31 | AY91: 23.36 | AZ91: 19.5 | BA91: 16.05 | BB91: 17.67 | BC91: 17.88 | BD91: 17.06 | BE91: 19.7 | BF91: 18.08 | BG91: 18.08 | BH91: 21.73 | BI91: 17.47 | BJ91: 18.28 | BK91: 18.89 | BL91: 18.28 | BM91: 18.89 | BN91: 21.75 | BO91: 21.33 | BP91: 20.31 | BQ91: 19.7 | BR91: 18.69 | BS91: 19.7 | BT91: 18.28 | BU91: 22.14 | BV91: 23.77 | BW91: 19.91 | BX91: 21.12 | BY91: 23.98 | BZ91: 21.33 | CA91: 19.09 | CB91: 21.53 | CC91: 26.41 | CD91: 32.7 | CE91: 36.17 | CF91: 25.19 | CG91: 22.95 | CH91: 18.69 | CI91: 17.27 | CJ91: 18.08 | CK91: 16.45 | CL91: 18.08 | CM91: 17.88 | CN91: 15.64 | CO91: 15.84 | CP91: 17.27 | CQ91: 15.23 | CR91: 15.03 | CS91: 14.42 | CT91: 14.22 | CU91: 15.44 | CV91: 16.05 | CW91: 19.7 | CX91: 17.88 | CY91: 50.03 | CZ91: 98.86 | DA91: 69.12 | DB91: 35.67 | DC91: 21.53 | DD91: 17.88 | DE91: 19.5 | DF91: 19.91 | DG91: 17.06 | DH91: 17.27 | DI91: 19.3 | DJ91: 17.67 | DK91: 17.27 | DL91: 16.05 | DM91: 17.06 | DN91: 15.64 | DO91: 15.03 | DP91: 15.44 | DQ91: 15.44 | DR91: 16.25 | DS91: 17.67 | DT91: 16.86 | DU91: 18.48 | DV91: 23.56 | DW91: 26.02 | DX91: 49.39 | DY91: 40.75
B92: 23.48 | C92: 20.52 | D92: 26.62 | E92: 20.11 | F92: 19.91 | G92: 17.47 | H92: 20.52 | I92: 38.7 | J92: 52.52 | K92: 34.12 | L92: 34.56 | M92: 20.72 | N92: 18.69 | O92: 17.88 | P92: 19.09 | Q92: 19.91 | R92: 22.34 | S92: 21.73 | T92: 22.34 | U92: 21.33 | V92: 21.94 | W92: 38.55 | X92: 114.94 | Y92: 67.88 | Z92: 68.25 | AA92: 40.95 | AB92: 22.56 | AC92: 20.72 | AD92: 20.11 | AE92: 18.89 | AF92: 18.69 | AG92: 18.69 | AH92: 19.09 | AI92: 18.28 | AJ92: 17.88 | AK92: 19.5 | AL92: 21.12 | AM92: 19.09 | AN92: 20.31 | AO92: 17.06 | AP92: 19.91 | AQ92: 19.91 | AR92: 21.12 | AS92: 34.56 | AT92: 60.2 | AU92: 50.91 | AV92: 41.28 | AW92: 39.22 | AX92: 25.19 | AY92: 18.69 | AZ92: 20.11 | BA92: 19.5 | BB92: 22.34 | BC92: 25.42 | BD92: 19.5 | BE92: 22.75 | BF92: 21.73 | BG92: 22.34 | BH92: 22.14 | BI92: 19.5 | BJ92: 19.3 | BK92: 19.5 | BL92: 19.7 | BM92: 21.94 | BN92: 19.91 | BO92: 19.09 | BP92: 19.09 | BQ92: 20.92 | BR92: 21.12 | BS92: 20.31 | BT92: 23.36 | BU92: 22.55 | BV92: 20.31 | BW92: 22.14 | BX92: 18.89 | BY92: 22.14 | BZ92: 24.17 | CA92: 23.36 | CB92: 21.73 | CC92: 22.75 | CD92: 28.23 | CE92: 29.86 | CF92: 26.2 | CG92: 21.12 | CH92: 17.67 | CI92: 18.48 | CJ92: 17.67 | CK92: 18.08 | CL92: 18.69 | CM92: 15.84 | CN92: 17.47 | CO92: 16.05 | CP92: 17.27 | CQ92: 17.06 | CR92: 15.64 | CS92: 15.44 | CT92: 17.47 | CU92: 15.23 | CV92: 17.47 | CW92: 18.08 | CX92: 16.86 | CY92: 18.08 | CZ92: 22.75 | DA92: 17.88 | DB92: 20.11 | DC92: 18.28 | DD92: 17.06 | DE92: 19.3 | DF92: 15.64 | DG92: 22.98 | DH92: 19.5 | DI92: 17.47 | DJ92: 20.31 | DK92: 18.08 | DL92: 17.67 | DM92: 18.28 | DN92: 17.27 | DO92: 16.25 | DP92: 15.84 | DQ92: 18.69 | DR92: 18.08 | DS92: 17.47 | DT92: 18.48 | DU92: 18.69 | DV92: 20.31 | DW92: 22.95 | DX92: 49.75 | DY92: 42.02
B93: 22.69 | C93: 22.95 | D93: 18.89 | E93: 18.69 | F93: 19.7 | G93: 19.5 | H93: 24.17 | I93: 45.91 | J93: 48.88 | K93: 35.14 | L93: 34.55 | M93: 18.08 | N93: 16.25 | O93: 18.69 | P93: 20.92 | Q93: 21.53 | R93: 23.16 | S93: 22.56 | T93: 22.75 | U93: 24.38 | V93: 25.8 | W93: 28.84 | X93: 107.22 | Y93: 86.56 | Z93: 65.34 | AA93: 50.09 | AB93: 20.92 | AC93: 19.7 | AD93: 19.7 | AE93: 17.67 | AF93: 19.7 | AG93: 18.08 | AH93: 19.5 | AI93: 20.92 | AJ93: 19.7 | AK93: 19.09 | AL93: 19.91 | AM93: 17.88 | AN93: 20.11 | AO93: 20.31 | AP93: 23.56 | AQ93: 19.3 | AR93: 21.73 | AS93: 41.66 | AT93: 54.17 | AU93: 39.62 | AV93: 35.98 | AW93: 27.62 | AX93: 19.09 | AY93: 18.69 | AZ93: 19.3 | BA93: 23.77 | BB93: 27.02 | BC93: 22.75 | BD93: 22.95 | BE93: 22.34 | BF93: 23.16 | BG93: 22.55 | BH93: 26.41 | BI93: 21.94 | BJ93: 21.73 | BK93: 19.5 | BL93: 20.52 | BM93: 21.53 | BN93: 17.88 | BO93: 21.12 | BP93: 21.14 | BQ93: 22.95 | BR93: 21.53 | BS93: 22.75 | BT93: 25.39 | BU93: 21.94 | BV93: 21.12 | BW93: 18.48 | BX93: 14.42 | BY93: 16.86 | BZ93: 18.08 | CA93: 19.5 | CB93: 17.88 | CC93: 18.89 | CD93: 21.12 | CE93: 27.22 | CF93: 24.38 | CG93: 22.14 | CH93: 19.7 | CI93: 17.88 | CJ93: 17.88 | CK93: 18.08 | CL93: 18.89 | CM93: 17.67 | CN93: 17.06 | CO93: 17.47 | CP93: 18.08 | CQ93: 17.06 | CR93: 18.28 | CS93: 15.23 | CT93: 17.06 | CU93: 16.66 | CV93: 15.64 | CW93: 19.09 | CX93: 19.91 | CY93: 17.06 | CZ93: 16.86 | DA93: 17.47 | DB93: 16.45 | DC93: 18.48 | DD93: 15.64 | DE93: 18.69 | DF93: 19.5 | DG93: 17.88 | DH93: 16.86 | DI93: 20.11 | DJ93: 20.31 | DK93: 18.48 | DL93: 18.69 | DM93: 19.7 | DN93: 17.27 | DO93: 19.09 | DP93: 18.48 | DQ93: 18.89 | DR93: 19.91 | DS93: 18.89 | DT93: 19.3 | DU93: 17.88 | DV93: 19.3 | DW93: 21.33 | DX93: 45.59 | DY93: 36.88
A94: 23 | B94: 24.7 | C94: 23.58 | D94: 22.14 | E94: 16.86 | F94: 20.73 | G94: 23.98 | H94: 22.55 | I94: 46.53 | J94: 49.08 | K94: 37.02 | L94: 37.8 | M94: 21.53 | N94: 21.33 | O94: 18.08 | P94: 20.11 | Q94: 21.73 | R94: 23.56 | S94: 22.14 | T94: 24.17 | U94: 24.38 | V94: 24.17 | W94: 25.8 | X94: 66.75 | Y94: 87.41 | Z94: 76.16 | AA94: 58.25 | AB94: 23.36 | AC94: 18.48 | AD94: 17.88 | AE94: 17.88 | AF94: 18.08 | AG94: 19.91 | AH94: 18.89 | AI94: 20.11 | AJ94: 18.48 | AK94: 18.69 | AL94: 17.47 | AM94: 18.28 | AN94: 17.47 | AO94: 19.91 | AP94: 20.52 | AQ94: 19.3 | AR94: 25.59 | AS94: 45.14 | AT94: 46.78 | AU94: 33.55 | AV94: 19.91 | AW94: 19.3 | AX94: 20.72 | AY94: 24.17 | AZ94: 25.59 | BA94: 27.42 | BB94: 26.61 | BC94: 24.78 | BD94: 27.22 | BE94: 23.77 | BF94: 24.78 | BG94: 25.59 | BH94: 24.78 | BI94: 21.33 | BJ94: 21.94 | BK94: 27.42 | BL94: 23.77 | BM94: 22.55 | BN94: 22.95 | BO94: 21.94 | BP94: 23.77 | BQ94: 26.81 | BR94: 31.09 | BS94: 32.53 | BT94: 24.38 | BU94: 23.36 | BV94: 19.3 | BW94: 18.08 | BX94: 14.02 | BY94: 16.05 | BZ94: 14.42 | CA94: 13.81 | CB94: 14.42 | CC94: 17.06 | CD94: 16.05 | CE94: 20.92 | CF94: 22.34 | CG94: 21.94 | CH94: 20.73 | CI94: 20.11 | CJ94: 19.91 | CK94: 18.08 | CL94: 19.91 | CM94: 20.11 | CN94: 20.31 | CO94: 19.5 | CP94: 17.88 | CQ94: 17.47 | CR94: 18.48 | CS94: 15.64 | CT94: 16.25 | CU94: 17.06 | CV94: 16.45 | CW94: 16.66 | CX94: 15.44 | CY94: 17.06 | CZ94: 16.66 | DA94: 17.67 | DB94: 18.48 | DC94: 18.28 | DD94: 18.08 | DE94: 17.47 | DF94: 18.69 | DG94: 18.69 | DH94: 19.3 | DI94: 20.33 | DJ94: 19.09 | DK94: 16.66 | DL94: 18.28 | DM94: 18.89 | DN94: 18.28 | DO94: 20.92 | DP94: 18.08 | DQ94: 18.69 | DR94: 17.67 | DS94: 20.11 | DT94: 18.28 | DU94: 18.48 | DV94: 17.67 | DW94: 20.31 | DX94: 25.59 | DY94: 31.61
B95: 23.92 | C95: 19.3 | D95: 18.28 | E95: 18.89 | F95: 19.91 | G95: 20.72 | H95: 21.94 | I95: 45.08 | J95: 43.89 | K95: 38.42 | L95: 37.62 | M95: 20.52 | N95: 18.48 | O95: 17.67 | P95: 20.11 | Q95: 18.48 | R95: 18.69 | S95: 20.11 | T95: 22.95 | U95: 24.38 | V95: 26.2 | W95: 26.81 | X95: 32.91 | Y95: 88.56 | Z95: 81.72 | AA95: 75.17 | AB95: 31.92 | AC95: 22.14 | AD95: 19.5 | AE95: 19.09 | AF95: 16.45 | AG95: 17.27 | AH95: 18.48 | AI95: 18.28 | AJ95: 16.86 | AK95: 18.69 | AL95: 16.66 | AM95: 16.86 | AN95: 17.67 | AO95: 20.31 | AP95: 20.72 | AQ95: 23.16 | AR95: 35.55 | AS95: 45.77 | AT95: 36.98 | AU95: 23.77 | AV95: 18.08 | AW95: 18.48 | AX95: 19.5 | AY95: 24.45 | AZ95: 24.8 | BA95: 28.25 | BB95: 30.27 | BC95: 28.03 | BD95: 23.36 | BE95: 20.92 | BF95: 25.59 | BG95: 26.41 | BH95: 26.61 | BI95: 26.41 | BJ95: 27.02 | BK95: 27.83 | BL95: 23.56 | BM95: 24.98 | BN95: 25.8 | BO95: 22.75 | BP95: 22.95 | BQ95: 59.23 | BR95: 124.08 | BS95: 113.7 | BT95: 68.81 | BU95: 26.41 | BV95: 21.53 | BW95: 16.86 | BX95: 17.06 | BY95: 16.45 | BZ95: 14.42 | CA95: 15.03 | CB95: 13.41 | CC95: 14.42 | CD95: 15.64 | CE95: 16.25 | CF95: 18.08 | CG95: 19.5 | CH95: 20.11 | CI95: 18.48 | CJ95: 20.11 | CK95: 18.08 | CL95: 19.3 | CM95: 21.12 | CN95: 19.5 | CO95: 20.11 | CP95: 16.05 | CQ95: 16.86 | CR95: 15.44 | CS95: 16.86 | CT95: 15.64 | CU95: 18.08 | CV95: 18.08 | CW95: 18.69 | CX95: 17.06 | CY95: 17.27 | CZ95: 20.31 | DA95: 17.88 | DB95: 17.06 | DC95: 17.67 | DD95: 17.27 | DE95: 17.27 | DF95: 17.47 | DG95: 18.28 | DH95: 17.88 | DI95: 19.5 | DJ95: 17.06 | DK95: 17.06 | DL95: 19.3 | DM95: 17.47 | DN95: 18.69 | DO95: 18.48 | DP95: 21.12 | DQ95: 19.09 | DR95: 19.3 | DS95: 18.28 | DT95: 18.89 | DU95: 22.34 | DV95: 19.91 | DW95: 17.06 | DX95: 18.89 | DY95: 18.61
B96: 18.42 | C96: 18.89 | D96: 20.72 | E96: 20.52 | F96: 22.34 | G96: 18.89 | H96: 21.94 | I96: 37.89 | J96: 60.58 | K96: 41.66 | L96: 38.02 | M96: 22.75 | N96: 17.67 | O96: 16.05 | P96: 20.72 | Q96: 18.89 | R96: 18.08 | S96: 18.48 | T96: 17.47 | U96: 18.28 | V96: 19.91 | W96: 22.95 | X96: 25.39 | Y96: 59.97 | Z96: 93.91 | AA96: 82.47 | AB96: 58.12 | AC96: 24.17 | AD96: 22.75 | AE96: 22.14 | AF96: 16.86 | AG96: 17.88 | AH96: 18.48 | AI96: 17.67 | AJ96: 19.09 | AK96: 19.3 | AL96: 18.69 | AM96: 18.08 | AN96: 18.28 | AO96: 19.5 | AP96: 20.92 | AQ96: 28.84 | AR96: 37.98 | AS96: 40.23 | AT96: 23.56 | AU96: 21.53 | AV96: 20.11 | AW96: 18.08 | AX96: 19.09 | AY96: 17.88 | AZ96: 22.34 | BA96: 27.83 | BB96: 24.78 | BC96: 20.11 | BD96: 18.48 | BE96: 19.3 | BF96: 18.08 | BG96: 21.94 | BH96: 24.58 | BI96: 25.59 | BJ96: 26.81 | BK96: 26.41 | BL96: 22.95 | BM96: 26.81 | BN96: 23.16 | BO96: 23.97 | BP96: 47.45 | BQ96: 160.3 | BR96: 131.83 | BS96: 95.58 | BT96: 63.88 | BU96: 29.47 | BV96: 21.53 | BW96: 22.14 | BX96: 20.31 | BY96: 18.28 | BZ96: 23.19 | CA96: 17.88 | CB96: 15.84 | CC96: 17.67 | CD96: 16.25 | CE96: 18.48 | CF96: 19.5 | CG96: 21.33 | CH96: 21.53 | CI96: 21.53 | CJ96: 19.7 | CK96: 19.52 | CL96: 19.5 | CM96: 18.08 | CN96: 18.48 | CO96: 19.3 | CP96: 17.27 | CQ96: 16.66 | CR96: 16.25 | CS96: 16.66 | CT96: 16.45 | CU96: 17.27 | CV96: 17.27 | CW96: 17.88 | CX96: 17.67 | CY96: 16.86 | CZ96: 16.66 | DA96: 17.88 | DB96: 18.69 | DC96: 16.45 | DD96: 17.06 | DE96: 16.25 | DF96: 18.08 | DG96: 16.86 | DH96: 16.45 | DI96: 17.67 | DJ96: 14.83 | DK96: 16.86 | DL96: 16.45 | DM96: 17.06 | DN96: 19.3 | DO96: 18.89 | DP96: 18.69 | DQ96: 20.11 | DR96: 18.08 | DS96: 19.3 | DT96: 21.94 | DU96: 25.19 | DV96: 20.72 | DW96: 21.33 | DX96: 20.31 | DY96: 20.05
B97: 19.64 | C97: 23.36 | D97: 16.66 | E97: 20.72 | F97: 19.7 | G97: 21.94 | H97: 21.53 | I97: 25.2 | J97: 64.28 | K97: 50.23 | L97: 36.61 | M97: 24.98 | N97: 19.91 | O97: 19.09 | P97: 17.88 | Q97: 20.11 | R97: 20.31 | S97: 15.64 | T97: 20.31 | U97: 17.47 | V97: 21.73 | W97: 19.5 | X97: 20.92 | Y97: 30.89 | Z97: 88.89 | AA97: 82.44 | AB97: 64.64 | AC97: 38.02 | AD97: 24.98 | AE97: 24.58 | AF97: 19.3 | AG97: 21.73 | AH97: 18.48 | AI97: 18.48 | AJ97: 19.7 | AK97: 17.67 | AL97: 19.09 | AM97: 17.88 | AN97: 18.28 | AO97: 20.11 | AP97: 21.73 | AQ97: 42.11 | AR97: 46.81 | AS97: 29.67 | AT97: 22.55 | AU97: 21.33 | AV97: 20.31 | AW97: 19.09 | AX97: 19.91 | AY97: 19.5 | AZ97: 18.48 | BA97: 17.88 | BB97: 20.92 | BC97: 17.47 | BD97: 16.45 | BE97: 18.89 | BF97: 18.08 | BG97: 18.69 | BH97: 18.89 | BI97: 19.09 | BJ97: 28.45 | BK97: 21.33 | BL97: 24.38 | BM97: 25.39 | BN97: 22.34 | BO97: 22.75 | BP97: 96.72 | BQ97: 185.06 | BR97: 144.33 | BS97: 96.58 | BT97: 53.81 | BU97: 22.95 | BV97: 21.33 | BW97: 21.12 | BX97: 19.91 | BY97: 18.48 | BZ97: 19.91 | CA97: 21.77 | CB97: 20.72 | CC97: 18.08 | CD97: 17.88 | CE97: 17.06 | CF97: 16.45 | CG97: 19.3 | CH97: 21.73 | CI97: 22.75 | CJ97: 23.36 | CK97: 20.92 | CL97: 18.69 | CM97: 18.48 | CN97: 18.28 | CO97: 19.7 | CP97: 17.67 | CQ97: 17.06 | CR97: 19.5 | CS97: 16.66 | CT97: 18.69 | CU97: 19.7 | CV97: 18.69 | CW97: 18.48 | CX97: 18.28 | CY97: 18.89 | CZ97: 18.69 | DA97: 19.5 | DB97: 23.78 | DC97: 16.66 | DD97: 17.67 | DE97: 17.47 | DF97: 20.33 | DG97: 20.92 | DH97: 17.88 | DI97: 22.77 | DJ97: 15.23 | DK97: 16.66 | DL97: 16.86 | DM97: 16.05 | DN97: 15.84 | DO97: 18.48 | DP97: 18.89 | DQ97: 20.92 | DR97: 19.7 | DS97: 20.11 | DT97: 19.5 | DU97: 20.11 | DV97: 19.3 | DW97: 19.5 | DX97: 21.94 | DY97: 21.47
A98: 24 | B98: 24.92 | C98: 21.53 | D98: 21.53 | E98: 23.97 | F98: 21.12 | G98: 22.14 | H98: 23.16 | I98: 24.58 | J98: 45.89 | K98: 51.91 | L98: 41.08 | M98: 27.62 | N98: 20.11 | O98: 19.5 | P98: 20.92 | Q98: 18.48 | R98: 18.89 | S98: 18.69 | T98: 17.47 | U98: 19.3 | V98: 25.2 | W98: 19.91 | X98: 19.91 | Y98: 24.17 | Z98: 61.45 | AA98: 100.34 | AB98: 74.06 | AC98: 52.61 | AD98: 29.45 | AE98: 27.42 | AF98: 22.55 | AG98: 17.27 | AH98: 19.91 | AI98: 17.88 | AJ98: 19.5 | AK98: 19.5 | AL98: 21.94 | AM98: 19.91 | AN98: 21.94 | AO98: 19.7 | AP98: 31.28 | AQ98: 52.16 | AR98: 44.14 | AS98: 23.77 | AT98: 19.3 | AU98: 17.06 | AV98: 20.31 | AW98: 17.27 | AX98: 20.11 | AY98: 18.69 | AZ98: 16.45 | BA98: 16.66 | BB98: 15.64 | BC98: 18.89 | BD98: 19.72 | BE98: 17.88 | BF98: 20.92 | BG98: 18.89 | BH98: 19.5 | BI98: 20.11 | BJ98: 22.14 | BK98: 22.34 | BL98: 21.77 | BM98: 23.56 | BN98: 24.17 | BO98: 22.95 | BP98: 44.84 | BQ98: 129.91 | BR98: 135.33 | BS98: 58.53 | BT98: 26.61 | BU98: 22.34 | BV98: 20.72 | BW98: 19.3 | BX98: 19.7 | BY98: 18.89 | BZ98: 20.52 | CA98: 18.69 | CB98: 18.08 | CC98: 17.06 | CD98: 18.28 | CE98: 19.5 | CF98: 17.06 | CG98: 18.28 | CH98: 20.31 | CI98: 21.12 | CJ98: 23.16 | CK98: 23.56 | CL98: 25.8 | CM98: 22.55 | CN98: 19.5 | CO98: 19.3 | CP98: 18.08 | CQ98: 20.52 | CR98: 17.47 | CS98: 17.88 | CT98: 18.28 | CU98: 19.7 | CV98: 20.31 | CW98: 19.7 | CX98: 20.11 | CY98: 18.69 | CZ98: 19.09 | DA98: 18.89 | DB98: 21.94 | DC98: 18.28 | DD98: 17.88 | DE98: 17.06 | DF98: 25.08 | DG98: 22.83 | DH98: 15.03 | DI98: 14.62 | DJ98: 16.45 | DK98: 15.64 | DL98: 17.27 | DM98: 16.66 | DN98: 16.66 | DO98: 17.67 | DP98: 17.06 | DQ98: 21.12 | DR98: 22.14 | DS98: 21.33 | DT98: 21.94 | DU98: 22.34 | DV98: 20.92 | DW98: 20.11 | DX98: 22.36 | DY98: 22.47
B99: 20.66 | C99: 22.75 | D99: 19.09 | E99: 22.34 | F99: 23.16 | G99: 19.91 | H99: 20.72 | I99: 23.56 | J99: 35.42 | K99: 58.67 | L99: 42.27 | M99: 31.72 | N99: 21.53 | O99: 23.97 | P99: 19.09 | Q99: 20.92 | R99: 19.7 | S99: 18.48 | T99: 20.11 | U99: 19.91 | V99: 20.11 | W99: 19.91 | X99: 20.52 | Y99: 20.11 | Z99: 27.83 | AA99: 104.14 | AB99: 86.11 | AC99: 75.55 | AD99: 35.98 | AE99: 47.19 | AF99: 25.2 | AG99: 20.11 | AH99: 20.52 | AI99: 17.67 | AJ99: 20.52 | AK99: 19.09 | AL99: 18.48 | AM99: 16.45 | AN99: 20.52 | AO99: 19.91 | AP99: 38.42 | AQ99: 44.12 | AR99: 29.25 | AS99: 20.31 | AT99: 19.3 | AU99: 17.88 | AV99: 17.88 | AW99: 18.48 | AX99: 22.14 | AY99: 18.28 | AZ99: 17.27 | BA99: 14.83 | BB99: 17.47 | BC99: 20.31 | BD99: 18.48 | BE99: 20.72 | BF99: 17.67 | BG99: 17.67 | BH99: 15.64 | BI99: 18.69 | BJ99: 18.48 | BK99: 22.75 | BL99: 23.16 | BM99: 21.12 | BN99: 23.97 | BO99: 25.39 | BP99: 37.44 | BQ99: 147.81 | BR99: 152.2 | BS99: 61.94 | BT99: 25.8 | BU99: 23.77 | BV99: 19.7 | BW99: 19.3 | BX99: 18.89 | BY99: 20.11 | BZ99: 19.7 | CA99: 21.33 | CB99: 21.53 | CC99: 20.52 | CD99: 18.48 | CE99: 19.09 | CF99: 19.5 | CG99: 18.28 | CH99: 18.89 | CI99: 19.5 | CJ99: 20.52 | CK99: 20.11 | CL99: 26.41 | CM99: 27.22 | CN99: 23.77 | CO99: 21.53 | CP99: 23.16 | CQ99: 22.14 | CR99: 19.91 | CS99: 20.52 | CT99: 22.55 | CU99: 24.17 | CV99: 24.78 | CW99: 25.59 | CX99: 27.42 | CY99: 22.95 | CZ99: 22.34 | DA99: 25.59 | DB99: 24.58 | DC99: 22.75 | DD99: 22.14 | DE99: 18.89 | DF99: 17.06 | DG99: 14.22 | DH99: 16.66 | DI99: 16.86 | DJ99: 15.84 | DK99: 16.66 | DL99: 15.84 | DM99: 16.05 | DN99: 21.73 | DO99: 17.27 | DP99: 17.47 | DQ99: 19.3 | DR99: 20.53 | DS99: 18.69 | DT99: 19.3 | DU99: 19.7 | DV99: 21.12 | DW99: 24.98 | DX99: 29.67 | DY99: 27.61
B100: 21.27 | C100: 21.33 | D100: 20.52 | E100: 21.53 | F100: 19.91 | G100: 19.5 | H100: 21.94 | I100: 21.33 | J100: 24.17 | K100: 59.7 | L100: 54.42 | M100: 37.98 | N100: 27.02 | O100: 21.53 | P100: 23.16 | Q100: 20.72 | R100: 21.53 | S100: 20.72 | T100: 30.89 | U100: 21.53 | V100: 20.11 | W100: 22.14 | X100: 19.91 | Y100: 20.11 | Z100: 22.14 | AA100: 71.77 | AB100: 104.45 | AC100: 77.72 | AD100: 46.47 | AE100: 26.41 | AF100: 22.34 | AG100: 20.72 | AH100: 19.7 | AI100: 20.11 | AJ100: 19.3 | AK100: 16.86 | AL100: 17.47 | AM100: 19.09 | AN100: 18.89 | AO100: 22.95 | AP100: 33.11 | AQ100: 31.09 | AR100: 21.53 | AS100: 19.5 | AT100: 18.28 | AU100: 17.27 | AV100: 17.47 | AW100: 20.31 | AX100: 20.72 | AY100: 19.7 | AZ100: 19.09 | BA100: 20.11 | BB100: 19.09 | BC100: 18.89 | BD100: 19.09 | BE100: 17.88 | BF100: 18.89 | BG100: 17.88 | BH100: 16.86 | BI100: 17.67 | BJ100: 16.25 | BK100: 16.66 | BL100: 18.28 | BM100: 17.47 | BN100: 17.88 | BO100: 22.55 | BP100: 26.81 | BQ100: 80.62 | BR100: 150.31 | BS100: 98.61 | BT100: 27.62 | BU100: 22.14 | BV100: 21.53 | BW100: 19.3 | BX100: 16.45 | BY100: 19.09 | BZ100: 17.88 | CA100: 20.52 | CB100: 24.62 | CC100: 18.69 | CD100: 17.88 | CE100: 20.31 | CF100: 20.31 | CG100: 20.11 | CH100: 20.31 | CI100: 17.47 | CJ100: 18.08 | CK100: 18.08 | CL100: 19.91 | CM100: 23.77 | CN100: 23.56 | CO100: 22.34 | CP100: 25.59 | CQ100: 22.55 | CR100: 23.77 | CS100: 24.38 | CT100: 24.78 | CU100: 31.7 | CV100: 36.41 | CW100: 31.91 | CX100: 29.25 | CY100: 29.86 | CZ100: 28.84 | DA100: 31.08 | DB100: 29.86 | DC100: 28.64 | DD100: 26.81 | DE100: 27.84 | DF100: 23.77 | DG100: 21.33 | DH100: 18.89 | DI100: 18.28 | DJ100: 16.66 | DK100: 17.27 | DL100: 19.7 | DM100: 18.08 | DN100: 19.5 | DO100: 17.06 | DP100: 18.28 | DQ100: 19.09 | DR100: 19.7 | DS100: 28.25 | DT100: 33.56 | DU100: 38.88 | DV100: 52.89 | DW100: 58.28 | DX100: 63.55 | DY100: 61.48
...

Sheet 0_100
B2: =RAW!B2/RAW!$A$1*100 -> 7.5592594 | C2: =RAW!C2/RAW!$A$1*100 -> 6.8674083 | D2: =RAW!D2/RAW!$A$1*100 -> 7.2644365 | E2: =RAW!E2/RAW!$A$1*100 -> 7.1071976 | F2: =RAW!F2/RAW!$A$1*100 -> 7.9838044 | G2: =RAW!G2/RAW!$A$1*100 -> 9.4225402 | H2: =RAW!H2/RAW!$A$1*100 -> 8.3022131 | I2: =RAW!I2/RAW!$A$1*100 -> 8.0663548 | ... DY2: =RAW!DY2/RAW!$A$1*100 -> 7.4020205
B3: =RAW!B3/RAW!$A$1*100 -> 7.1622312 | C3: =RAW!C3/RAW!$A$1*100 -> 7.1071976 | D3: =RAW!D3/RAW!$A$1*100 -> 7.3469869 | E3: =RAW!E3/RAW!$A$1*100 -> 6.7062385 | F3: =RAW!F3/RAW!$A$1*100 -> 7.7440151 | G3: =RAW!G3/RAW!$A$1*100 -> 7.905185 | H3: =RAW!H3/RAW!$A$1*100 -> 8.463383 | I3: =RAW!I3/RAW!$A$1*100 -> 7.3469869 | ... DY3: =RAW!DY3/RAW!$A$1*100 -> 6.7612721
B4: =RAW!B4/RAW!$A$1*100 -> 7.0010614 | C4: =RAW!C4/RAW!$A$1*100 -> 7.905185 | D4: =RAW!D4/RAW!$A$1*100 -> 7.5867762 | E4: =RAW!E4/RAW!$A$1*100 -> 7.6653957 | F4: =RAW!F4/RAW!$A$1*100 -> 7.4256064 | G4: =RAW!G4/RAW!$A$1*100 -> 7.7440151 | H4: =RAW!H4/RAW!$A$1*100 -> 9.6623295 | I4: =RAW!I4/RAW!$A$1*100 -> 7.5042258 | ... DY4: =RAW!DY4/RAW!$A$1*100 -> 7.1622312
B5: =RAW!B5/RAW!$A$1*100 -> 6.7612721 | C5: =RAW!C5/RAW!$A$1*100 -> 7.5042258 | D5: =RAW!D5/RAW!$A$1*100 -> 7.5867762 | E5: =RAW!E5/RAW!$A$1*100 -> 7.8265655 | F5: =RAW!F5/RAW!$A$1*100 -> 7.5867762 | G5: =RAW!G5/RAW!$A$1*100 -> 7.5867762 | H5: =RAW!H5/RAW!$A$1*100 -> 7.4256064 | I5: =RAW!I5/RAW!$A$1*100 -> 7.1858171 | ... DY5: =RAW!DY5/RAW!$A$1*100 -> 7.5592594
B6: =RAW!B6/RAW!$A$1*100 -> 8.4319352 | C6: =RAW!C6/RAW!$A$1*100 -> 8.3847636 | D6: =RAW!D6/RAW!$A$1*100 -> 7.5042258 | E6: =RAW!E6/RAW!$A$1*100 -> 7.9838044 | F6: =RAW!F6/RAW!$A$1*100 -> 7.0285782 | G6: =RAW!G6/RAW!$A$1*100 -> 7.5867762 | H6: =RAW!H6/RAW!$A$1*100 -> 6.9460278 | I6: =RAW!I6/RAW!$A$1*100 -> 6.8674083 | ... DY6: =RAW!DY6/RAW!$A$1*100 -> 7.9602186
B7: =RAW!B7/RAW!$A$1*100 -> 7.8815991 | C7: =RAW!C7/RAW!$A$1*100 -> 7.4256064 | D7: =RAW!D7/RAW!$A$1*100 -> 8.0663548 | E7: =RAW!E7/RAW!$A$1*100 -> 7.0285782 | F7: =RAW!F7/RAW!$A$1*100 -> 7.5042258 | G7: =RAW!G7/RAW!$A$1*100 -> 7.5042258 | H7: =RAW!H7/RAW!$A$1*100 -> 6.8674083 | I7: =RAW!I7/RAW!$A$1*100 -> 6.8674083 | ... DY7: =RAW!DY7/RAW!$A$1*100 -> 6.9971304
B8: =RAW!B8/RAW!$A$1*100 -> 6.3642439 | C8: =RAW!C8/RAW!$A$1*100 -> 7.0285782 | D8: =RAW!D8/RAW!$A$1*100 -> 7.8265655 | E8: =RAW!E8/RAW!$A$1*100 -> 7.4256064 | F8: =RAW!F8/RAW!$A$1*100 -> 6.8674083 | G8: =RAW!G8/RAW!$A$1*100 -> 7.1071976 | H8: =RAW!H8/RAW!$A$1*100 -> 7.1071976 | I8: =RAW!I8/RAW!$A$1*100 -> 7.1858171 | ... DY8: =RAW!DY8/RAW!$A$1*100 -> 6.4428633
B9: =RAW!B9/RAW!$A$1*100 -> 7.0010614 | C9: =RAW!C9/RAW!$A$1*100 -> 7.2644365 | D9: =RAW!D9/RAW!$A$1*100 -> 6.8674083 | E9: =RAW!E9/RAW!$A$1*100 -> 7.8265655 | F9: =RAW!F9/RAW!$A$1*100 -> 7.5867762 | G9: =RAW!G9/RAW!$A$1*100 -> 7.3469869 | H9: =RAW!H9/RAW!$A$1*100 -> 6.9460278 | I9: =RAW!I9/RAW!$A$1*100 -> 7.905185 | ... DY9: =RAW!DY9/RAW!$A$1*100 -> 7.2408507
B10: =RAW!B10/RAW!$A$1*100 -> 7.0010614 | C10: =RAW!C10/RAW!$A$1*100 -> 7.7440151 | D10: =RAW!D10/RAW!$A$1*100 -> 6.3878297 | E10: =RAW!E10/RAW!$A$1*100 -> 8.0663548 | F10: =RAW!F10/RAW!$A$1*100 -> 8.5420024 | G10: =RAW!G10/RAW!$A$1*100 -> 7.2644365 | H10: =RAW!H10/RAW!$A$1*100 -> 7.6653957 | I10: =RAW!I10/RAW!$A$1*100 -> 9.5837101 | ... DY10: =RAW!DY10/RAW!$A$1*100 -> 6.8438225
B11: =RAW!B11/RAW!$A$1*100 -> 6.910649 | C11: =RAW!C11/RAW!$A$1*100 -> 6.4664492 | D11: =RAW!D11/RAW!$A$1*100 -> 6.627619 | E11: =RAW!E11/RAW!$A$1*100 -> 7.3469869 | F11: =RAW!F11/RAW!$A$1*100 -> 8.0663548 | G11: =RAW!G11/RAW!$A$1*100 -> 7.1071976 | H11: =RAW!H11/RAW!$A$1*100 -> 8.0663548 | I11: =RAW!I11/RAW!$A$1*100 -> 13.34565 | ... DY11: =RAW!DY11/RAW!$A$1*100 -> 6.6826526
B12: =RAW!B12/RAW!$A$1*100 -> 7.2369197 | C12: =RAW!C12/RAW!$A$1*100 -> 7.7440151 | D12: =RAW!D12/RAW!$A$1*100 -> 6.7062385 | E12: =RAW!E12/RAW!$A$1*100 -> 7.1071976 | F12: =RAW!F12/RAW!$A$1*100 -> 7.9838044 | G12: =RAW!G12/RAW!$A$1*100 -> 7.1858171 | H12: =RAW!H12/RAW!$A$1*100 -> 8.7031723 | I12: =RAW!I12/RAW!$A$1*100 -> 16.545462 | ... DY12: =RAW!DY12/RAW!$A$1*100 -> 6.4428633
B13: =RAW!B13/RAW!$A$1*100 -> 7.0010614 | C13: =RAW!C13/RAW!$A$1*100 -> 6.8674083 | D13: =RAW!D13/RAW!$A$1*100 -> 6.8674083 | E13: =RAW!E13/RAW!$A$1*100 -> 7.9838044 | F13: =RAW!F13/RAW!$A$1*100 -> 8.5420024 | G13: =RAW!G13/RAW!$A$1*100 -> 7.6653957 | H13: =RAW!H13/RAW!$A$1*100 -> 7.8265655 | I13: =RAW!I13/RAW!$A$1*100 -> 19.029836 | ... DY13: =RAW!DY13/RAW!$A$1*100 -> 5.7981839
... B129: =RAW!B129/RAW!$A$1*100 -> 7.7872558 | C129: =RAW!C129/RAW!$A$1*100 -> 6.7887889 | D129: =RAW!D129/RAW!$A$1*100 -> 8.0663548 | E129: =RAW!E129/RAW!$A$1*100 -> 7.9838044 | F129: =RAW!F129/RAW!$A$1*100 -> 6.2266599 | G129: =RAW!G129/RAW!$A$1*100 -> 8.8643422 | H129: =RAW!H129/RAW!$A$1*100 -> 9.021581 | I129: =RAW!I129/RAW!$A$1*100 -> 8.9429616 | ... DY129: =RAW!DY129/RAW!$A$1*100 -> 8.3611777

Sheet 0_1
B2: =IF('0_100'!B2<=_xlfn.PERCENTILE.INC('0_100'!$B$2:$DY$129,0.8),0,1) -> 0 | C2: =IF('0_100'!C2<=_xlfn.PERCENTILE.INC('0_100'!$B$2:$DY$129,0.8),0,1) -> 0 | D2: =IF('0_100'!D2<=_xlfn.PERCENTILE.INC('0_100'!$B$2:$DY$129,0.8),0,1) -> 0 | E2: =IF('0_100'!E2<=_xlfn.PERCENTILE.INC('0_100'!$B$2:$DY$129,0.8),0,1) -> 0 | F2: =IF('0_100'!F2<=_xlfn.PERCENTILE.INC('0_100'!$B$2:$DY$129,0.8),0,1) -> 0 | G2: =IF('0_100'!G2<=_xlfn.PERCENTILE.INC('0_100'!$B$2:$DY$129,0.8),0,1) -> 0 | H2: =IF('0_100'!H2<=_xlfn.PERCENTILE.INC('0_100'!$B$2:$DY$129,0.8),0,1) -> 0 | I2: =IF('0_100'!I2<=_xlfn.PERCENTILE.INC('0_100'!$B$2:$DY$129,0.8),0,1) -> 0 | ... DY2: =IF('0_100'!DY2<=_xlfn.PERCENTILE.INC('0_100'!$B$2:$DY$129,0.8),0,1) -> 0
B3: =IF('0_100'!B3<=_xlfn.PERCENTILE.INC('0_100'!$B$2:$DY$129,0.8),0,1) -> 0 | C3: =IF('0_100'!C3<=_xlfn.PERCENTILE.INC('0_100'!$B$2:$DY$129,0.8),0,1) -> 0 | D3: =IF('0_100'!D3<=_xlfn.PERCENTILE.INC('0_100'!$B$2:$DY$129,0.8),0,1) -> 0 | E3: =IF('0_100'!E3<=_xlfn.PERCENTILE.INC('0_100'!$B$2:$DY$129,0.8),0,1) -> 0 | F3: =IF('0_100'!F3<=_xlfn.PERCENTILE.INC('0_100'!$B$2:$DY$129,0.8),0,1) -> 0 | G3: =IF('0_100'!G3<=_xlfn.PERCENTILE.INC('0_100'!$B$2:$DY$129,0.8),0,1) -> 0 | H3: =IF('0_100'!H3<=_xlfn.PERCENTILE.INC('0_100'!$B$2:$DY$129,0.8),0,1) -> 0 | I3: =IF('0_100'!I3<=_xlfn.PERCENTILE.INC('0_100'!$B$2:$DY$129,0.8),0,1) -> 0 | ... DY3: =IF('0_100'!DY3<=_xlfn.PERCENTILE.INC('0_100'!$B$2:$DY$129,0.8),0,1) -> 0
B4: =IF('0_100'!B4<=_xlfn.PERCENTILE.INC('0_100'!$B$2:$DY$129,0.8),0,1) -> 0 | C4: =IF('0_100'!C4<=_xlfn.PERCENTILE.INC('0_100'!$B$2:$DY$129,0.8),0,1) -> 0 | D4: =IF('0_100'!D4<=_xlfn.PERCENTILE.INC('0_100'!$B$2:$DY$129,0.8),0,1) -> 0 | E4: =IF('0_100'!E4<=_xlfn.PERCENTILE.INC('0_100'!$B$2:$DY$129,0.8),0,1) -> 0 | F4: =IF('0_100'!F4<=_xlfn.PERCENTILE.INC('0_100'!$B$2:$DY$129,0.8),0,1) -> 0 | G4: =IF('0_100'!G4<=_xlfn.PERCENTILE.INC('0_100'!$B$2:$DY$129,0.8),0,1) -> 0 | H4: =IF('0_100'!H4<=_xlfn.PERCENTILE.INC('0_100'!$B$2:$DY$129,0.8),0,1) -> 0 | I4: =IF('0_100'!I4<=_xlfn.PERCENTILE.INC('0_100'!$B$2:$DY$129,0.8),0,1) -> 0 | ... DY4: =IF('0_100'!DY4<=_xlfn.PERCENTILE.INC('0_100'!$B$2:$DY$129,0.8),0,1) -> 0
B5: =IF('0_100'!B5<=_xlfn.PERCENTILE.INC('0_100'!$B$2:$DY$129,0.8),0,1) -> 0 | C5: =IF('0_100'!C5<=_xlfn.PERCENTILE.INC('0_100'!$B$2:$DY$129,0.8),0,1) -> 0 | D5: =IF('0_100'!D5<=_xlfn.PERCENTILE.INC('0_100'!$B$2:$DY$129,0.8),0,1) -> 0 | E5: =IF('0_100'!E5<=_xlfn.PERCENTILE.INC('0_100'!$B$2:$DY$129,0.8),0,1) -> 0 | F5: =IF('0_100'!F5<=_xlfn.PERCENTILE.INC('0_100'!$B$2:$DY$129,0.8),0,1) -> 0 | G5: =IF('0_100'!G5<=_xlfn.PERCENTILE.INC('0_100'!$B$2:$DY$129,0.8),0,1) -> 0 | H5: =IF('0_100'!H5<=_xlfn.PERCENTILE.INC('0_100'!$B$2:$DY$129,0.8),0,1) -> 0 | I5: =IF('0_100'!I5<=_xlfn.PERCENTILE.INC('0_100'!$B$2:$DY$129,0.8),0,1) -> 0 | ... DY5: =IF('0_100'!DY5<=_xlfn.PERCENTILE.INC('0_100'!$B$2:$DY$129,0.8),0,1) -> 0
B6: =IF('0_100'!B6<=_xlfn.PERCENTILE.INC('0_100'!$B$2:$DY$129,0.8),0,1) -> 0 | C6: =IF('0_100'!C6<=_xlfn.PERCENTILE.INC('0_100'!$B$2:$DY$129,0.8),0,1) -> 0 | D6: =IF('0_100'!D6<=_xlfn.PERCENTILE.INC('0_100'!$B$2:$DY$129,0.8),0,1) -> 0 | E6: =IF('0_100'!E6<=_xlfn.PERCENTILE.INC('0_100'!$B$2:$DY$129,0.8),0,1) -> 0 | F6: =IF('0_100'!F6<=_xlfn.PERCENTILE.INC('0_100'!$B$2:$DY$129,0.8),0,1) -> 0 | G6: =IF('0_100'!G6<=_xlfn.PERCENTILE.INC('0_100'!$B$2:$DY$129,0.8),0,1) -> 0 | H6: =IF('0_100'!H6<=_xlfn.PERCENTILE.INC('0_100'!$B$2:$DY$129,0.8),0,1) -> 0 | I6: =IF('0_100'!I6<=_xlfn.PERCENTILE.INC('0_100'!$B$2:$DY$129,0.8),0,1) -> 0 | ... DY6: =IF('0_100'!DY6<=_xlfn.PERCENTILE.INC('0_100'!$B$2:$DY$129,0.8),0,1) -> 0
B7: =IF('0_100'!B7<=_xlfn.PERCENTILE.INC('0_100'!$B$2:$DY$129,0.8),0,1) -> 0 | C7: =IF('0_100'!C7<=_xlfn.PERCENTILE.INC('0_100'!$B$2:$DY$129,0.8),0,1) -> 0 | D7: =IF('0_100'!D7<=_xlfn.PERCENTILE.INC('0_100'!$B$2:$DY$129,0.8),0,1) -> 0 | E7: =IF('0_100'!E7<=_xlfn.PERCENTILE.INC('0_100'!$B$2:$DY$129,0.8),0,1) -> 0 | F7: =IF('0_100'!F7<=_xlfn.PERCENTILE.INC('0_100'!$B$2:$DY$129,0.8),0,1) -> 0 | G7: =IF('0_100'!G7<=_xlfn.PERCENTILE.INC('0_100'!$B$2:$DY$129,0.8),0,1) -> 0 | H7: =IF('0_100'!H7<=_xlfn.PERCENTILE.INC('0_100'!$B$2:$DY$129,0.8),0,1) -> 0 | I7: =IF('0_100'!I7<=_xlfn.PERCENTILE.INC('0_100'!$B$2:$DY$129,0.8),0,1) -> 0 | ... DY7: =IF('0_100'!DY7<=_xlfn.PERCENTILE.INC('0_100'!$B$2:$DY$129,0.8),0,1) -> 0
B8: =IF('0_100'!B8<=_xlfn.PERCENTILE.INC('0_100'!$B$2:$DY$129,0.8),0,1) -> 0 | C8: =IF('0_100'!C8<=_xlfn.PERCENTILE.INC('0_100'!$B$2:$DY$129,0.8),0,1) -> 0 | D8: =IF('0_100'!D8<=_xlfn.PERCENTILE.INC('0_100'!$B$2:$DY$129,0.8),0,1) -> 0 | E8: =IF('0_100'!E8<=_xlfn.PERCENTILE.INC('0_100'!$B$2:$DY$129,0.8),0,1) -> 0 | F8: =IF('0_100'!F8<=_xlfn.PERCENTILE.INC('0_100'!$B$2:$DY$129,0.8),0,1) -> 0 | G8: =IF('0_100'!G8<=_xlfn.PERCENTILE.INC('0_100'!$B$2:$DY$129,0.8),0,1) -> 0 | H8: =IF('0_100'!H8<=_xlfn.PERCENTILE.INC('0_100'!$B$2:$DY$129,0.8),0,1) -> 0 | I8: =IF('0_100'!I8<=_xlfn.PERCENTILE.INC('0_100'!$B$2:$DY$129,0.8),0,1) -> 0 | ... DY8: =IF('0_100'!DY8<=_xlfn.PERCENTILE.INC('0_100'!$B$2:$DY$129,0.8),0,1) -> 0
B9: =IF('0_100'!B9<=_xlfn.PERCENTILE.INC('0_100'!$B$2:$DY$129,0.8),0,1) -> 0 | C9: =IF('0_100'!C9<=_xlfn.PERCENTILE.INC('0_100'!$B$2:$DY$129,0.8),0,1) -> 0 | D9: =IF('0_100'!D9<=_xlfn.PERCENTILE.INC('0_100'!$B$2:$DY$129,0.8),0,1) -> 0 | E9: =IF('0_100'!E9<=_xlfn.PERCENTILE.INC('0_100'!$B$2:$DY$129,0.8),0,1) -> 0 | F9: =IF('0_100'!F9<=_xlfn.PERCENTILE.INC('0_100'!$B$2:$DY$129,0.8),0,1) -> 0 | G9: =IF('0_100'!G9<=_xlfn.PERCENTILE.INC('0_100'!$B$2:$DY$129,0.8),0,1) -> 0 | H9: =IF('0_100'!H9<=_xlfn.PERCENTILE.INC('0_100'!$B$2:$DY$129,0.8),0,1) -> 0 | I9: =IF('0_100'!I9<=_xlfn.PERCENTILE.INC('0_100'!$B$2:$DY$129,0.8),0,1) -> 0 | ... DY9: =IF('0_100'!DY9<=_xlfn.PERCENTILE.INC('0_100'!$B$2:$DY$129,0.8),0,1) -> 0
B10: =IF('0_100'!B10<=_xlfn.PERCENTILE.INC('0_100'!$B$2:$DY$129,0.8),0,1) -> 0 | C10: =IF('0_100'!C10<=_xlfn.PERCENTILE.INC('0_100'!$B$2:$DY$129,0.8),0,1) -> 0 | D10: =IF('0_100'!D10<=_xlfn.PERCENTILE.INC('0_100'!$B$2:$DY$129,0.8),0,1) -> 0 | E10: =IF('0_100'!E10<=_xlfn.PERCENTILE.INC('0_100'!$B$2:$DY$129,0.8),0,1) -> 0 | F10: =IF('0_100'!F10<=_xlfn.PERCENTILE.INC('0_100'!$B$2:$DY$129,0.8),0,1) -> 0 | G10: =IF('0_100'!G10<=_xlfn.PERCENTILE.INC('0_100'!$B$2:$DY$129,0.8),0,1) -> 0 | H10: =IF('0_100'!H10<=_xlfn.PERCENTILE.INC('0_100'!$B$2:$DY$129,0.8),0,1) -> 0 | I10: =IF('0_100'!I10<=_xlfn.PERCENTILE.INC('0_100'!$B$2:$DY$129,0.8),0,1) -> 0 | ... DY10: =IF('0_100'!DY10<=_xlfn.PERCENTILE.INC('0_100'!$B$2:$DY$129,0.8),0,1) -> 0
B11: =IF('0_100'!B11<=_xlfn.PERCENTILE.INC('0_100'!$B$2:$DY$129,0.8),0,1) -> 0 | C11: =IF('0_100'!C11<=_xlfn.PERCENTILE.INC('0_100'!$B$2:$DY$129,0.8),0,1) -> 0 | D11: =IF('0_100'!D11<=_xlfn.PERCENTILE.INC('0_100'!$B$2:$DY$129,0.8),0,1) -> 0 | E11: =IF('0_100'!E11<=_xlfn.PERCENTILE.INC('0_100'!$B$2:$DY$129,0.8),0,1) -> 0 | F11: =IF('0_100'!F11<=_xlfn.PERCENTILE.INC('0_100'!$B$2:$DY$129,0.8),0,1) -> 0 | G11: =IF('0_100'!G11<=_xlfn.PERCENTILE.INC('0_100'!$B$2:$DY$129,0.8),0,1) -> 0 | H11: =IF('0_100'!H11<=_xlfn.PERCENTILE.INC('0_100'!$B$2:$DY$129,0.8),0,1) -> 0 | I11: =IF('0_100'!I11<=_xlfn.PERCENTILE.INC('0_100'!$B$2:$DY$129,0.8),0,1) -> 0 | ... DY11: =IF('0_100'!DY11<=_xlfn.PERCENTILE.INC('0_100'!$B$2:$DY$129,0.8),0,1) -> 0
B12: =IF('0_100'!B12<=_xlfn.PERCENTILE.INC('0_100'!$B$2:$DY$129,0.8),0,1) -> 0 | C12: =IF('0_100'!C12<=_xlfn.PERCENTILE.INC('0_100'!$B$2:$DY$129,0.8),0,1) -> 0 | D12: =IF('0_100'!D12<=_xlfn.PERCENTILE.INC('0_100'!$B$2:$DY$129,0.8),0,1) -> 0 | E12: =IF('0_100'!E12<=_xlfn.PERCENTILE.INC('0_100'!$B$2:$DY$129,0.8),0,1) -> 0 | F12: =IF('0_100'!F12<=_xlfn.PERCENTILE.INC('0_100'!$B$2:$DY$129,0.8),0,1) -> 0 | G12: =IF('0_100'!G12<=_xlfn.PERCENTILE.INC('0_100'!$B$2:$DY$129,0.8),0,1) -> 0 | H12: =IF('0_100'!H12<=_xlfn.PERCENTILE.INC('0_100'!$B$2:$DY$129,0.8),0,1) -> 0 | I12: =IF('0_100'!I12<=_xlfn.PERCENTILE.INC('0_100'!$B$2:$DY$129,0.8),0,1) -> 1 | ... DY12: =IF('0_100'!DY12<=_xlfn.PERCENTILE.INC('0_100'!$B$2:$DY$129,0.8),0,1) -> 0
B13: =IF('0_100'!B13<=_xlfn.PERCENTILE.INC('0_100'!$B$2:$DY$129,0.8),0,1) -> 0 | C13: =IF('0_100'!C13<=_xlfn.PERCENTILE.INC('0_100'!$B$2:$DY$129,0.8),0,1) -> 0 | D13: =IF('0_100'!D13<=_xlfn.PERCENTILE.INC('0_100'!$B$2:$DY$129,0.8),0,1) -> 0 | E13: =IF('0_100'!E13<=_xlfn.PERCENTILE.INC('0_100'!$B$2:$DY$129,0.8),0,1) -> 0 | F13: =IF('0_100'!F13<=_xlfn.PERCENTILE.INC('0_100'!$B$2:$DY$129,0.8),0,1) -> 0 | G13: =IF('0_100'!G13<=_xlfn.PERCENTILE.INC('0_100'!$B$2:$DY$129,0.8),0,1) -> 0 | H13: =IF('0_100'!H13<=_xlfn.PERCENTILE.INC('0_100'!$B$2:$DY$129,0.8),0,1) -> 0 | I13: =IF('0_100'!I13<=_xlfn.PERCENTILE.INC('0_100'!$B$2:$DY$129,0.8),0,1) -> 1 | ... DY13: =IF('0_100'!DY13<=_xlfn.PERCENTILE.INC('0_100'!$B$2:$DY$129,0.8),0,1) -> 0
... B129: =IF('0_100'!B129<=_xlfn.PERCENTILE.INC('0_100'!$B$2:$DY$129,0.8),0,1) -> 0 | C129: =IF('0_100'!C129<=_xlfn.PERCENTILE.INC('0_100'!$B$2:$DY$129,0.8),0,1) -> 0 | D129: =IF('0_100'!D129<=_xlfn.PERCENTILE.INC('0_100'!$B$2:$DY$129,0.8),0,1) -> 0 | E129: =IF('0_100'!E129<=_xlfn.PERCENTILE.INC('0_100'!$B$2:$DY$129,0.8),0,1) -> 0 | F129: =IF('0_100'!F129<=_xlfn.PERCENTILE.INC('0_100'!$B$2:$DY$129,0.8),0,1) -> 0 | G129: =IF('0_100'!G129<=_xlfn.PERCENTILE.INC('0_100'!$B$2:$DY$129,0.8),0,1) -> 0 | H129: =IF('0_100'!H129<=_xlfn.PERCENTILE.INC('0_100'!$B$2:$DY$129,0.8),0,1) -> 0 | I129: =IF('0_100'!I129<=_xlfn.PERCENTILE.INC('0_100'!$B$2:$DY$129,0.8),0,1) -> 0 | ... DY129: =IF('0_100'!DY129<=_xlfn.PERCENTILE.INC('0_100'!$B$2:$DY$129,0.8),0,1) -> 0
